56,35,add,91
91,53,add,144
92,27,add,119
67,20,add,87
70,32,add,102
68,41,add,109
53,77,add,130
12,38,add,50
75,54,add,129
30,72,add,102
18,67,add,85
40,57,add,97
45,66,add,111
26,82,add,108
26,49,add,75
91,45,add,136
98,50,add,148
84,54,add,138
78,59,add,137
64,48,add,112
84,20,add,104
0,84,add,84
73,2,add,75
15,90,add,105
79,76,add,155
93,36,add,129
70,79,add,149
71,3,add,74
79,76,add,155
54,13,add,67
41,69,add,110
77,86,add,163
35,46,add,81
49,43,add,92
81,87,add,168
85,3,add,88
40,79,add,119
18,61,add,79
20,96,add,116
81,79,add,160
17,48,add,65
56,48,add,104
35,93,add,128
36,21,add,57
45,35,add,80
65,59,add,124
50,55,add,105
33,4,add,37
35,66,add,101
25,24,add,49
62,72,add,134
56,37,add,93
26,95,add,121
68,100,add,168
15,94,add,109
79,56,add,135
86,100,add,186
53,44,add,97
33,2,add,35
14,82,add,96
32,22,add,54
40,93,add,133
98,85,add,183
84,41,add,125
97,83,add,180
70,90,add,160
23,89,add,112
39,79,add,118
14,28,add,42
95,16,add,111
72,26,add,98
6,57,add,63
42,0,add,42
15,0,add,15
100,22,add,122
27,56,add,83
31,19,add,50
65,89,add,154
47,7,add,54
6,30,add,36
63,53,add,116
97,11,add,108
65,86,add,151
64,55,add,119
40,26,add,66
95,63,add,158
90,24,add,114
26,86,add,112
18,96,add,114
7,7,add,14
80,49,add,129
78,93,add,171
80,53,add,133
74,10,add,84
76,50,add,126
28,12,add,40
80,9,add,89
67,38,add,105
10,10,add,20
81,50,add,131
0,85,add,85
28,11,add,39
47,28,add,75
42,37,add,79
1,32,add,33
28,64,add,92
72,87,add,159
84,34,add,118
41,6,add,47
51,24,add,75
18,91,add,109
9,55,add,64
62,44,add,106
52,27,add,79
1,15,add,16
34,33,add,67
88,32,add,120
86,70,add,156
95,25,add,120
77,85,add,162
54,9,add,63
7,57,add,64
96,66,add,162
19,30,add,49
94,48,add,142
33,57,add,90
3,29,add,32
14,58,add,72
92,16,add,108
17,71,add,88
0,38,add,38
45,15,add,60
14,56,add,70
54,11,add,65
79,17,add,96
73,22,add,95
40,25,add,65
95,27,add,122
75,97,add,172
5,18,add,23
6,33,add,39
16,70,add,86
100,81,add,181
48,4,add,52
73,15,add,88
99,50,add,149
28,33,add,61
58,47,add,105
56,2,add,58
10,31,add,41
34,15,add,49
82,2,add,84
1,74,add,75
90,31,add,121
78,21,add,99
94,94,add,188
35,1,add,36
79,1,add,80
20,100,add,120
36,76,add,112
35,18,add,53
52,17,add,69
59,94,add,153
24,39,add,63
91,69,add,160
83,39,add,122
30,53,add,83
63,83,add,146
12,99,add,111
90,77,add,167
89,27,add,116
86,82,add,168
33,36,add,69
72,66,add,138
79,28,add,107
1,24,add,25
57,51,add,108
90,95,add,185
99,13,add,112
41,20,add,61
91,3,add,94
81,86,add,167
63,10,add,73
42,47,add,89
4,7,add,11
30,72,add,102
96,4,add,100
76,90,add,166
39,79,add,118
84,9,add,93
100,35,add,135
54,38,add,92
97,66,add,163
10,6,add,16
15,56,add,71
25,9,add,34
18,24,add,42
18,66,add,84
14,37,add,51
81,85,add,166
39,69,add,108
59,85,add,144
77,92,add,169
27,27,add,54
55,40,add,95
48,44,add,92
18,67,add,85
21,38,add,59
10,10,add,20
50,23,add,73
29,26,add,55
88,46,add,134
38,96,add,134
21,38,add,59
67,91,add,158
83,99,add,182
64,93,add,157
33,37,add,70
65,45,add,110
35,57,add,92
53,96,add,149
33,91,add,124
42,77,add,119
55,31,add,86
20,36,add,56
93,100,add,193
63,45,add,108
0,14,add,14
1,7,add,8
18,48,add,66
67,54,add,121
21,85,add,106
2,77,add,79
73,83,add,156
85,79,add,164
11,95,add,106
20,71,add,91
57,91,add,148
69,49,add,118
48,45,add,93
86,93,add,179
42,27,add,69
38,37,add,75
64,69,add,133
90,38,add,128
88,48,add,136
20,46,add,66
79,95,add,174
64,77,add,141
4,26,add,30
61,66,add,127
12,47,add,59
23,34,add,57
82,5,add,87
27,65,add,92
31,41,add,72
88,91,add,179
23,43,add,66
25,23,add,48
25,4,add,29
35,65,add,100
46,87,add,133
95,56,add,151
18,75,add,93
38,25,add,63
48,16,add,64
42,91,add,133
59,8,add,67
97,32,add,129
71,8,add,79
19,22,add,41
0,47,add,47
66,25,add,91
36,80,add,116
33,98,add,131
78,93,add,171
98,55,add,153
4,61,add,65
78,28,add,106
24,76,add,100
52,76,add,128
42,2,add,44
67,90,add,157
61,48,add,109
81,36,add,117
50,29,add,79
51,87,add,138
30,32,add,62
97,73,add,170
13,60,add,73
85,14,add,99
10,53,add,63
9,47,add,56
5,12,add,17
81,65,add,146
38,82,add,120
54,57,add,111
34,13,add,47
79,90,add,169
50,96,add,146
16,27,add,43
57,50,add,107
86,55,add,141
72,93,add,165
4,54,add,58
20,7,add,27
7,55,add,62
65,13,add,78
37,2,add,39
27,90,add,117
47,0,add,47
91,12,add,103
97,46,add,143
17,42,add,59
85,88,add,173
27,23,add,50
30,93,add,123
17,76,add,93
4,34,add,38
68,78,add,146
53,34,add,87
62,23,add,85
50,80,add,130
74,56,add,130
16,85,add,101
68,84,add,152
80,30,add,110
27,98,add,125
58,92,add,150
42,27,add,69
57,87,add,144
67,49,add,116
92,2,add,94
80,34,add,114
5,40,add,45
5,60,add,65
32,39,add,71
90,67,add,157
97,100,add,197
69,100,add,169
9,94,add,103
77,86,add,163
73,92,add,165
8,43,add,51
97,22,add,119
53,79,add,132
67,8,add,75
100,95,add,195
54,4,add,58
29,61,add,90
31,9,add,40
28,12,add,40
95,51,add,146
24,83,add,107
19,51,add,70
72,24,add,96
41,64,add,105
85,81,add,166
50,84,add,134
69,18,add,87
0,97,add,97
11,21,add,32
26,86,add,112
92,25,add,117
22,94,add,116
73,89,add,162
22,58,add,80
66,30,add,96
28,45,add,73
46,77,add,123
38,21,add,59
96,51,add,147
30,95,add,125
10,46,add,56
43,0,add,43
82,88,add,170
48,37,add,85
20,80,add,100
64,21,add,85
19,66,add,85
68,27,add,95
1,54,add,55
7,82,add,89
36,31,add,67
89,26,add,115
64,62,add,126
81,15,add,96
5,5,add,10
40,67,add,107
14,29,add,43
13,35,add,48
95,100,add,195
97,31,add,128
81,56,add,137
79,99,add,178
24,52,add,76
79,42,add,121
78,95,add,173
31,0,add,31
3,54,add,57
47,62,add,109
5,64,add,69
91,94,add,185
42,94,add,136
41,87,add,128
38,41,add,79
85,47,add,132
55,36,add,91
81,9,add,90
53,28,add,81
57,57,add,114
28,52,add,80
54,18,add,72
21,81,add,102
65,17,add,82
3,19,add,22
53,92,add,145
36,58,add,94
63,87,add,150
81,6,add,87
98,28,add,126
15,64,add,79
36,40,add,76
98,57,add,155
82,45,add,127
97,15,add,112
29,80,add,109
36,20,add,56
15,70,add,85
43,79,add,122
94,56,add,150
67,19,add,86
12,82,add,94
51,85,add,136
93,95,add,188
57,91,add,148
18,5,add,23
82,51,add,133
79,53,add,132
55,11,add,66
85,49,add,134
46,10,add,56
39,47,add,86
37,17,add,54
72,40,add,112
69,84,add,153
19,45,add,64
100,16,add,116
15,30,add,45
5,74,add,79
6,32,add,38
14,81,add,95
38,94,add,132
12,65,add,77
24,99,add,123
33,84,add,117
39,15,add,54
12,97,add,109
41,53,add,94
25,86,add,111
3,71,add,74
27,5,add,32
27,17,add,44
43,15,add,58
36,68,add,104
8,32,add,40
42,36,add,78
20,27,add,47
4,6,add,10
79,47,add,126
14,76,add,90
16,88,add,104
45,46,add,91
31,58,add,89
4,71,add,75
46,70,add,116
89,34,add,123
63,21,add,84
11,58,add,69
64,12,add,76
37,67,add,104
4,64,add,68
4,78,add,82
37,40,add,77
87,71,add,158
1,4,add,5
68,43,add,111
53,50,add,103
75,46,add,121
5,31,add,36
94,4,add,98
37,93,add,130
1,57,add,58
68,44,add,112
97,27,add,124
13,95,add,108
28,79,add,107
37,36,add,73
58,96,add,154
28,85,add,113
26,73,add,99
36,85,add,121
11,63,add,74
85,32,add,117
26,2,add,28
40,20,add,60
89,44,add,133
36,18,add,54
6,87,add,93
86,93,add,179
15,59,add,74
83,93,add,176
58,12,add,70
69,94,add,163
38,24,add,62
13,26,add,39
24,93,add,117
14,95,add,109
87,86,add,173
23,75,add,98
20,96,add,116
12,65,add,77
66,39,add,105
29,14,add,43
16,18,add,34
81,38,add,119
61,28,add,89
98,67,add,165
32,98,add,130
62,35,add,97
6,29,add,35
54,100,add,154
99,10,add,109
17,68,add,85
98,7,add,105
43,91,add,134
93,89,add,182
82,31,add,113
38,13,add,51
48,83,add,131
28,71,add,99
92,63,add,155
20,61,add,81
47,78,add,125
58,60,add,118
75,24,add,99
20,81,add,101
51,35,add,86
58,96,add,154
81,50,add,131
22,84,add,106
69,84,add,153
63,69,add,132
1,8,add,9
62,37,add,99
74,55,add,129
11,15,add,26
58,97,add,155
63,48,add,111
84,49,add,133
19,39,add,58
12,41,add,53
52,53,add,105
84,41,add,125
12,30,add,42
48,47,add,95
69,21,add,90
32,45,add,77
42,39,add,81
73,45,add,118
93,24,add,117
66,78,add,144
9,2,add,11
94,94,add,188
16,35,add,51
55,86,add,141
95,5,add,100
48,61,add,109
28,51,add,79
43,23,add,66
66,93,add,159
56,2,add,58
70,53,add,123
12,4,add,16
99,58,add,157
45,66,add,111
4,15,add,19
93,6,add,99
13,62,add,75
91,93,add,184
49,72,add,121
43,12,add,55
16,25,add,41
40,27,add,67
52,22,add,74
49,34,add,83
60,90,add,150
51,78,add,129
0,33,add,33
27,89,add,116
11,95,add,106
45,87,add,132
90,67,add,157
66,99,add,165
41,60,add,101
34,33,add,67
61,45,add,106
62,16,add,78
6,22,add,28
28,1,add,29
91,87,add,178
17,56,add,73
75,53,add,128
29,66,add,95
52,70,add,122
31,47,add,78
48,8,add,56
55,26,add,81
61,15,add,76
33,27,add,60
53,12,add,65
99,61,add,160
83,16,add,99
5,80,add,85
77,22,add,99
13,30,add,43
43,63,add,106
37,34,add,71
4,48,add,52
0,72,add,72
6,99,add,105
64,71,add,135
99,77,add,176
11,18,add,29
1,60,add,61
64,60,add,124
51,65,add,116
17,12,add,29
82,74,add,156
25,48,add,73
78,94,add,172
96,85,add,181
35,3,add,38
6,90,add,96
23,18,add,41
37,70,add,107
64,73,add,137
59,41,add,100
58,95,add,153
74,45,add,119
48,12,add,60
90,67,add,157
68,7,add,75
1,82,add,83
51,82,add,133
3,7,add,10
14,83,add,97
17,49,add,66
49,24,add,73
32,73,add,105
71,94,add,165
61,71,add,132
78,60,add,138
74,50,add,124
10,50,add,60
3,88,add,91
16,19,add,35
65,69,add,134
5,9,add,14
2,68,add,70
46,75,add,121
53,26,add,79
2,42,add,44
49,38,add,87
6,78,add,84
76,14,add,90
70,69,add,139
79,86,add,165
40,31,add,71
87,55,add,142
99,96,add,195
21,15,add,36
96,68,add,164
27,68,add,95
65,70,add,135
36,76,add,112
3,99,add,102
17,52,add,69
62,3,add,65
34,44,add,78
78,6,add,84
50,5,add,55
4,3,add,7
2,36,add,38
83,54,add,137
9,7,add,16
54,80,add,134
39,45,add,84
17,50,add,67
41,14,add,55
90,93,add,183
25,44,add,69
100,29,add,129
3,9,add,12
99,38,add,137
50,54,add,104
46,90,add,136
91,91,add,182
95,73,add,168
34,10,add,44
57,10,add,67
27,9,add,36
13,1,add,14
11,94,add,105
64,76,add,140
43,46,add,89
100,70,add,170
94,13,add,107
88,29,add,117
33,77,add,110
69,94,add,163
88,69,add,157
92,96,add,188
91,66,add,157
70,3,add,73
39,95,add,134
65,99,add,164
63,10,add,73
93,100,add,193
59,1,add,60
83,72,add,155
61,79,add,140
26,86,add,112
7,78,add,85
32,29,add,61
91,77,add,168
2,37,add,39
29,100,add,129
25,76,add,101
35,98,add,133
50,37,add,87
26,24,add,50
84,39,add,123
89,54,add,143
79,8,add,87
10,15,add,25
59,25,add,84
69,99,add,168
52,11,add,63
8,1,add,9
71,70,add,141
80,28,add,108
43,59,add,102
84,39,add,123
57,27,add,84
93,50,add,143
79,24,add,103
86,36,add,122
52,14,add,66
11,46,add,57
73,53,add,126
55,38,add,93
94,39,add,133
71,16,add,87
51,15,add,66
66,32,add,98
40,44,add,84
4,83,add,87
1,20,add,21
82,97,add,179
72,67,add,139
47,54,add,101
93,36,add,129
34,24,add,58
81,5,add,86
95,20,add,115
43,62,add,105
98,75,add,173
30,31,add,61
20,49,add,69
43,77,add,120
94,46,add,140
77,48,add,125
35,64,add,99
0,95,add,95
11,94,add,105
44,62,add,106
56,88,add,144
73,70,add,143
48,10,add,58
24,17,add,41
75,32,add,107
56,22,add,78
36,80,add,116
25,44,add,69
28,97,add,125
55,97,add,152
88,99,add,187
14,38,add,52
25,78,add,103
56,16,add,72
52,19,add,71
9,89,add,98
59,76,add,135
84,11,add,95
59,47,add,106
33,44,add,77
56,100,add,156
51,39,add,90
51,90,add,141
29,42,add,71
41,31,add,72
80,44,add,124
95,53,add,148
84,83,add,167
48,15,add,63
38,7,add,45
87,10,add,97
23,75,add,98
29,60,add,89
25,59,add,84
74,99,add,173
72,64,add,136
68,90,add,158
77,75,add,152
16,39,add,55
73,95,add,168
20,68,add,88
73,89,add,162
93,15,add,108
40,16,add,56
80,37,add,117
60,83,add,143
24,14,add,38
82,2,add,84
10,73,add,83
69,54,add,123
6,13,add,19
62,66,add,128
97,80,add,177
67,74,add,141
46,44,add,90
22,24,add,46
41,99,add,140
87,31,add,118
75,20,add,95
40,91,add,131
86,48,add,134
46,54,add,100
8,56,add,64
84,61,add,145
92,46,add,138
76,51,add,127
64,57,add,121
15,79,add,94
82,31,add,113
5,1,add,6
51,20,add,71
32,30,add,62
41,69,add,110
3,48,add,51
38,75,add,113
85,45,add,130
82,3,add,85
67,91,add,158
79,93,add,172
44,31,add,75
64,44,add,108
83,21,add,104
34,1,add,35
88,6,add,94
97,85,add,182
38,63,add,101
87,53,add,140
74,74,add,148
95,0,add,95
70,13,add,83
25,23,add,48
81,75,add,156
63,62,add,125
68,14,add,82
10,39,add,49
48,93,add,141
32,32,add,64
15,90,add,105
52,46,add,98
65,80,add,145
70,45,add,115
12,76,add,88
47,81,add,128
6,65,add,71
94,1,add,95
53,52,add,105
31,1,add,32
61,81,add,142
65,57,add,122
88,49,add,137
93,61,add,154
55,80,add,135
27,10,add,37
27,55,add,82
66,44,add,110
63,30,add,93
83,17,add,100
85,74,add,159
64,40,add,104
77,57,add,134
72,65,add,137
0,81,add,81
8,30,add,38
64,89,add,153
49,2,add,51
64,13,add,77
35,14,add,49
77,94,add,171
16,21,add,37
22,42,add,64
42,95,add,137
33,66,add,99
58,69,add,127
75,10,add,85
94,81,add,175
23,18,add,41
41,51,add,92
68,74,add,142
63,19,add,82
33,24,add,57
3,54,add,57
65,20,add,85
34,89,add,123
55,58,add,113
66,60,add,126
62,11,add,73
56,7,add,63
35,59,add,94
43,75,add,118
26,48,add,74
48,64,add,112
0,73,add,73
20,61,add,81
39,45,add,84
99,50,add,149
13,56,add,69
86,47,add,133
90,54,add,144
21,58,add,79
49,96,add,145
67,40,add,107
38,28,add,66
30,43,add,73
79,37,add,116
14,86,add,100
73,26,add,99
90,28,add,118
19,25,add,44
10,84,add,94
58,66,add,124
19,66,add,85
64,1,add,65
49,48,add,97
40,40,add,80
27,39,add,66
64,16,add,80
11,27,add,38
70,97,add,167
67,5,add,72
30,19,add,49
21,17,add,38
94,15,add,109
10,15,add,25
73,53,add,126
82,53,add,135
67,97,add,164
99,41,add,140
33,72,add,105
29,96,add,125
88,58,add,146
57,0,add,57
12,50,add,62
2,81,add,83
86,95,add,181
9,100,add,109
32,30,add,62
52,69,add,121
48,84,add,132
55,80,add,135
100,72,add,172
18,46,add,64
26,30,add,56
24,7,add,31
37,100,add,137
76,43,add,119
18,75,add,93
29,96,add,125
65,28,add,93
52,35,add,87
46,15,add,61
31,61,add,92
2,30,add,32
47,5,add,52
37,97,add,134
94,55,add,149
17,50,add,67
84,4,add,88
92,58,add,150
3,4,add,7
5,35,add,40
25,6,add,31
80,48,add,128
74,24,add,98
96,58,add,154
72,73,add,145
33,67,add,100
66,79,add,145
43,43,add,86
50,47,add,97
40,21,add,61
80,91,add,171
53,93,add,146
86,33,add,119
3,58,add,61
93,84,add,177
91,7,add,98
22,63,add,85
91,92,add,183
62,68,add,130
15,56,add,71
9,78,add,87
85,85,add,170
62,8,add,70
22,80,add,102
31,89,add,120
38,29,add,67
52,20,add,72
56,73,add,129
48,79,add,127
54,95,add,149
82,81,add,163
60,27,add,87
62,40,add,102
19,30,add,49
49,11,add,60
60,0,add,60
43,95,add,138
68,26,add,94
60,3,add,63
50,80,add,130
21,24,add,45
66,1,add,67
25,62,add,87
65,35,add,100
31,6,add,37
84,0,add,84
23,89,add,112
6,58,add,64
3,15,add,18
70,11,add,81
43,20,add,63
49,90,add,139
96,93,add,189
37,61,add,98
62,75,add,137
100,25,add,125
67,0,add,67
88,93,add,181
54,81,add,135
71,13,add,84
12,5,add,17
100,94,add,194
80,44,add,124
8,40,add,48
58,26,add,84
19,90,add,109
53,96,add,149
14,80,add,94
99,30,add,129
98,9,add,107
2,16,add,18
1,73,add,74
20,19,add,39
40,23,add,63
95,8,add,103
87,65,add,152
28,46,add,74
100,15,add,115
85,43,add,128
72,20,add,92
41,87,add,128
16,61,add,77
84,88,add,172
37,65,add,102
71,7,add,78
51,55,add,106
38,59,add,97
4,65,add,69
13,85,add,98
32,100,add,132
67,59,add,126
21,65,add,86
30,16,add,46
49,56,add,105
40,6,add,46
74,84,add,158
74,33,add,107
2,71,add,73
25,64,add,89
73,15,add,88
93,52,add,145
5,99,add,104
56,26,add,82
51,6,add,57
61,55,add,116
10,73,add,83
2,9,add,11
95,94,add,189
65,81,add,146
68,87,add,155
78,94,add,172
27,11,add,38
37,49,add,86
45,11,add,56
28,2,add,30
27,55,add,82
50,15,add,65
9,47,add,56
51,53,add,104
85,8,add,93
22,16,add,38
87,81,add,168
14,16,add,30
2,69,add,71
59,87,add,146
81,45,add,126
78,20,add,98
23,54,add,77
16,42,add,58
66,55,add,121
13,20,add,33
20,52,add,72
44,54,add,98
86,90,add,176
14,59,add,73
75,55,add,130
82,29,add,111
50,92,add,142
66,25,add,91
9,93,add,102
58,100,add,158
92,20,add,112
14,35,add,49
64,28,add,92
67,31,add,98
61,9,add,70
42,79,add,121
27,54,add,81
23,19,add,42
88,67,add,155
12,52,add,64
54,0,add,54
53,55,add,108
27,79,add,106
84,89,add,173
90,78,add,168
53,27,add,80
49,45,add,94
43,22,add,65
65,53,add,118
25,97,add,122
5,14,add,19
66,96,add,162
16,94,add,110
9,92,add,101
34,47,add,81
23,69,add,92
42,43,add,85
9,97,add,106
3,1,add,4
54,88,add,142
66,97,add,163
94,62,add,156
70,72,add,142
89,64,add,153
43,74,add,117
6,75,add,81
7,99,add,106
3,56,add,59
96,87,add,183
82,5,add,87
66,1,add,67
67,70,add,137
88,21,add,109
35,36,add,71
12,2,add,14
29,100,add,129
33,2,add,35
74,57,add,131
47,32,add,79
98,45,add,143
70,67,add,137
80,90,add,170
7,44,add,51
48,11,add,59
100,51,add,151
25,37,add,62
3,22,add,25
64,90,add,154
51,60,add,111
32,31,add,63
40,26,add,66
62,34,add,96
36,7,add,43
39,37,add,76
38,5,add,43
21,67,add,88
72,77,add,149
56,5,add,61
85,49,add,134
66,54,add,120
67,70,add,137
14,98,add,112
18,53,add,71
26,29,add,55
72,66,add,138
98,84,add,182
34,45,add,79
88,56,add,144
81,35,add,116
0,21,add,21
63,92,add,155
79,96,add,175
63,71,add,134
17,52,add,69
89,9,add,98
100,3,add,103
15,78,add,93
17,79,add,96
69,36,add,105
1,7,add,8
1,80,add,81
47,13,add,60
31,27,add,58
91,85,add,176
24,18,add,42
32,92,add,124
84,42,add,126
57,45,add,102
61,54,add,115
91,38,add,129
18,54,add,72
81,49,add,130
20,3,add,23
87,35,add,122
64,10,add,74
11,38,add,49
72,10,add,82
86,48,add,134
97,9,add,106
42,68,add,110
74,32,add,106
63,3,add,66
27,39,add,66
5,4,add,9
32,81,add,113
94,36,add,130
39,30,add,69
44,55,add,99
6,58,add,64
62,33,add,95
23,56,add,79
0,12,add,12
54,26,add,80
79,85,add,164
38,52,add,90
88,84,add,172
89,89,add,178
56,13,add,69
21,2,add,23
21,18,add,39
29,33,add,62
53,4,add,57
13,2,add,15
2,69,add,71
77,88,add,165
17,85,add,102
60,43,add,103
88,85,add,173
29,9,add,38
20,23,add,43
95,53,add,148
84,46,add,130
13,41,add,54
39,47,add,86
46,57,add,103
13,85,add,98
69,93,add,162
49,63,add,112
82,88,add,170
98,90,add,188
99,51,add,150
99,11,add,110
82,61,add,143
32,71,add,103
81,97,add,178
2,92,add,94
79,41,add,120
10,33,add,43
40,60,add,100
74,5,add,79
87,14,add,101
29,34,add,63
24,73,add,97
85,58,add,143
100,32,add,132
18,7,add,25
45,34,add,79
67,66,add,133
83,89,add,172
87,45,add,132
38,25,add,63
90,35,add,125
29,25,add,54
44,42,add,86
67,30,add,97
59,28,add,87
48,2,add,50
49,66,add,115
40,65,add,105
2,99,add,101
34,31,add,65
2,85,add,87
23,45,add,68
11,72,add,83
84,50,add,134
95,44,add,139
86,25,add,111
39,86,add,125
96,87,add,183
12,47,add,59
89,29,add,118
58,36,add,94
15,36,add,51
25,1,add,26
16,22,add,38
76,3,add,79
47,6,add,53
60,69,add,129
33,96,add,129
41,39,add,80
10,76,add,86
8,43,add,51
3,76,add,79
73,91,add,164
74,98,add,172
90,59,add,149
21,16,add,37
81,35,add,116
13,61,add,74
52,93,add,145
71,82,add,153
16,19,add,35
75,41,add,116
62,9,add,71
28,38,add,66
73,46,add,119
68,52,add,120
7,34,add,41
10,29,add,39
5,63,add,68
24,52,add,76
27,77,add,104
95,6,add,101
57,34,add,91
33,25,add,58
63,52,add,115
81,51,add,132
96,38,add,134
42,14,add,56
16,48,add,64
58,16,add,74
16,31,add,47
34,35,add,69
4,76,add,80
16,31,add,47
54,76,add,130
9,47,add,56
0,60,add,60
99,70,add,169
78,12,add,90
46,65,add,111
5,39,add,44
13,20,add,33
62,9,add,71
38,18,add,56
83,94,add,177
31,82,add,113
83,60,add,143
83,49,add,132
24,23,add,47
54,42,add,96
6,51,add,57
87,91,add,178
87,84,add,171
50,23,add,73
87,64,add,151
28,83,add,111
63,1,add,64
55,34,add,89
42,45,add,87
28,80,add,108
77,51,add,128
33,75,add,108
96,92,add,188
62,60,add,122
97,92,add,189
59,55,add,114
69,58,add,127
8,87,add,95
28,12,add,40
48,49,add,97
97,31,add,128
84,40,add,124
69,77,add,146
28,67,add,95
22,100,add,122
37,23,add,60
99,70,add,169
41,27,add,68
17,66,add,83
23,63,add,86
95,2,add,97
81,17,add,98
89,56,add,145
49,24,add,73
85,37,add,122
1,26,add,27
83,80,add,163
43,65,add,108
87,64,add,151
22,43,add,65
58,89,add,147
46,67,add,113
58,65,add,123
72,32,add,104
99,18,add,117
53,17,add,70
91,91,add,182
7,84,add,91
28,82,add,110
8,97,add,105
83,28,add,111
93,95,add,188
48,52,add,100
33,56,add,89
56,39,add,95
96,74,add,170
15,8,add,23
26,91,add,117
77,95,add,172
7,57,add,64
24,80,add,104
29,67,add,96
72,31,add,103
63,52,add,115
52,67,add,119
21,50,add,71
77,65,add,142
79,48,add,127
66,10,add,76
31,64,add,95
44,33,add,77
2,20,add,22
10,43,add,53
14,37,add,51
36,63,add,99
79,32,add,111
51,24,add,75
30,13,add,43
82,98,add,180
53,40,add,93
35,23,add,58
26,72,add,98
19,23,add,42
36,64,add,100
100,82,add,182
51,21,add,72
23,74,add,97
30,66,add,96
18,88,add,106
42,5,add,47
86,87,add,173
58,48,add,106
77,32,add,109
34,6,add,40
88,48,add,136
0,46,add,46
66,48,add,114
27,13,add,40
46,18,add,64
63,77,add,140
23,94,add,117
17,76,add,93
54,97,add,151
33,80,add,113
75,10,add,85
9,43,add,52
50,84,add,134
93,66,add,159
27,29,add,56
48,36,add,84
19,89,add,108
57,41,add,98
48,62,add,110
13,47,add,60
51,83,add,134
75,99,add,174
39,80,add,119
27,57,add,84
98,31,add,129
10,63,add,73
25,63,add,88
100,60,add,160
71,37,add,108
77,69,add,146
4,73,add,77
81,49,add,130
68,97,add,165
72,71,add,143
70,36,add,106
100,63,add,163
33,86,add,119
68,60,add,128
56,25,add,81
59,12,add,71
26,47,add,73
70,25,add,95
17,31,add,48
87,79,add,166
53,42,add,95
2,50,add,52
41,18,add,59
13,5,add,18
80,20,add,100
54,65,add,119
5,50,add,55
32,64,add,96
33,57,add,90
96,15,add,111
76,48,add,124
2,33,add,35
16,65,add,81
2,60,add,62
82,96,add,178
3,0,add,3
20,3,add,23
37,52,add,89
74,71,add,145
33,33,add,66
31,77,add,108
32,58,add,90
35,2,add,37
11,78,add,89
100,82,add,182
46,60,add,106
58,30,add,88
35,40,add,75
26,75,add,101
74,28,add,102
11,3,add,14
13,45,add,58
96,4,add,100
35,9,add,44
22,100,add,122
16,66,add,82
52,29,add,81
84,13,add,97
44,99,add,143
89,36,add,125
6,72,add,78
7,74,add,81
72,32,add,104
76,2,add,78
61,9,add,70
81,8,add,89
63,21,add,84
21,87,add,108
14,27,add,41
35,9,add,44
24,76,add,100
34,73,add,107
44,88,add,132
95,49,add,144
98,77,add,175
42,1,add,43
71,23,add,94
95,42,add,137
80,48,add,128
60,69,add,129
5,34,add,39
67,19,add,86
90,94,add,184
100,24,add,124
69,12,add,81
75,55,add,130
29,88,add,117
59,83,add,142
7,55,add,62
84,61,add,145
76,5,add,81
68,75,add,143
1,35,add,36
3,55,add,58
55,52,add,107
21,62,add,83
30,80,add,110
9,100,add,109
70,31,add,101
86,22,add,108
46,82,add,128
8,21,add,29
14,92,add,106
83,1,add,84
9,24,add,33
7,28,add,35
47,22,add,69
90,42,add,132
11,20,add,31
6,80,add,86
50,69,add,119
88,23,add,111
7,4,add,11
55,89,add,144
19,80,add,99
22,82,add,104
9,92,add,101
21,96,add,117
25,45,add,70
69,80,add,149
69,14,add,83
99,80,add,179
2,37,add,39
33,46,add,79
70,93,add,163
77,50,add,127
14,15,add,29
70,18,add,88
5,77,add,82
4,20,add,24
40,99,add,139
22,57,add,79
6,7,add,13
83,91,add,174
40,66,add,106
92,1,add,93
75,86,add,161
64,36,add,100
40,18,add,58
34,58,add,92
31,40,add,71
38,27,add,65
14,30,add,44
35,23,add,58
39,98,add,137
12,28,add,40
98,2,add,100
82,58,add,140
0,3,add,3
69,20,add,89
72,25,add,97
97,73,add,170
38,89,add,127
3,9,add,12
15,88,add,103
58,23,add,81
50,76,add,126
55,47,add,102
83,29,add,112
20,36,add,56
73,95,add,168
60,60,add,120
69,1,add,70
37,76,add,113
23,91,add,114
23,50,add,73
96,49,add,145
6,30,add,36
94,44,add,138
4,1,add,5
99,25,add,124
22,21,add,43
71,42,add,113
70,12,add,82
21,87,add,108
68,10,add,78
26,55,add,81
45,12,add,57
52,44,add,96
11,95,add,106
50,74,add,124
33,34,add,67
55,79,add,134
84,99,add,183
67,18,add,85
89,55,add,144
100,71,add,171
88,76,add,164
61,36,add,97
45,12,add,57
94,52,add,146
100,86,add,186
90,94,add,184
14,32,add,46
3,48,add,51
3,72,add,75
44,30,add,74
31,3,add,34
10,64,add,74
74,12,add,86
95,78,add,173
3,69,add,72
96,53,add,149
89,50,add,139
87,23,add,110
70,75,add,145
68,53,add,121
6,98,add,104
32,75,add,107
72,35,add,107
54,47,add,101
86,88,add,174
2,76,add,78
87,87,add,174
76,84,add,160
66,69,add,135
16,31,add,47
66,76,add,142
11,29,add,40
20,92,add,112
42,73,add,115
14,22,add,36
69,35,add,104
97,62,add,159
35,28,add,63
75,36,add,111
97,24,add,121
40,58,add,98
93,12,add,105
37,35,add,72
94,66,add,160
55,49,add,104
60,98,add,158
96,29,add,125
31,85,add,116
58,44,add,102
92,32,add,124
41,18,add,59
11,9,add,20
31,57,add,88
66,69,add,135
70,64,add,134
45,12,add,57
34,20,add,54
100,73,add,173
13,6,add,19
28,10,add,38
87,78,add,165
79,45,add,124
57,86,add,143
96,54,add,150
11,52,add,63
74,0,add,74
35,40,add,75
59,13,add,72
35,91,add,126
75,4,add,79
65,39,add,104
66,27,add,93
30,92,add,122
63,1,add,64
20,89,add,109
67,48,add,115
59,72,add,131
16,85,add,101
7,92,add,99
70,71,add,141
9,65,add,74
67,91,add,158
60,84,add,144
8,100,add,108
69,87,add,156
14,41,add,55
57,100,add,157
35,71,add,106
3,56,add,59
70,14,add,84
83,17,add,100
26,52,add,78
59,63,add,122
37,5,add,42
55,42,add,97
33,4,add,37
100,53,add,153
24,47,add,71
45,78,add,123
52,67,add,119
20,71,add,91
58,82,add,140
81,35,add,116
86,95,add,181
19,12,add,31
1,9,add,10
41,89,add,130
46,6,add,52
48,72,add,120
17,76,add,93
20,15,add,35
5,46,add,51
35,70,add,105
10,17,add,27
100,93,add,193
70,15,add,85
60,56,add,116
96,7,add,103
57,96,add,153
98,66,add,164
96,29,add,125
92,83,add,175
71,89,add,160
72,47,add,119
73,93,add,166
85,52,add,137
26,46,add,72
70,65,add,135
3,80,add,83
20,6,add,26
80,22,add,102
21,7,add,28
90,42,add,132
31,69,add,100
98,45,add,143
17,95,add,112
72,84,add,156
57,43,add,100
68,24,add,92
99,6,add,105
15,100,add,115
70,5,add,75
1,87,add,88
2,84,add,86
9,70,add,79
61,8,add,69
94,61,add,155
41,19,add,60
37,60,add,97
94,18,add,112
81,12,add,93
90,66,add,156
93,1,add,94
56,59,add,115
82,21,add,103
91,13,add,104
42,16,add,58
94,15,add,109
43,49,add,92
90,7,add,97
59,23,add,82
6,27,add,33
38,64,add,102
100,67,add,167
68,39,add,107
87,90,add,177
82,9,add,91
31,23,add,54
30,27,add,57
23,19,add,42
7,1,add,8
47,0,add,47
42,40,add,82
39,49,add,88
75,93,add,168
45,81,add,126
7,26,add,33
33,7,add,40
86,72,add,158
43,33,add,76
80,45,add,125
89,27,add,116
69,81,add,150
57,0,add,57
3,19,add,22
54,40,add,94
81,59,add,140
64,17,add,81
58,25,add,83
18,59,add,77
76,67,add,143
86,48,add,134
26,100,add,126
30,95,add,125
83,35,add,118
39,56,add,95
8,50,add,58
39,37,add,76
39,11,add,50
76,18,add,94
55,88,add,143
71,79,add,150
19,99,add,118
61,16,add,77
61,100,add,161
72,4,add,76
84,42,add,126
74,88,add,162
4,39,add,43
45,97,add,142
26,33,add,59
71,14,add,85
31,33,add,64
41,42,add,83
48,11,add,59
35,10,add,45
56,97,add,153
80,88,add,168
71,95,add,166
7,37,add,44
25,15,add,40
15,67,add,82
32,26,add,58
88,81,add,169
73,68,add,141
45,60,add,105
84,8,add,92
54,7,add,61
97,1,add,98
89,77,add,166
59,41,add,100
3,55,add,58
85,81,add,166
87,46,add,133
68,73,add,141
46,95,add,141
92,45,add,137
63,37,add,100
7,95,add,102
37,14,add,51
6,50,add,56
27,75,add,102
13,71,add,84
25,94,add,119
46,82,add,128
2,59,add,61
83,57,add,140
97,82,add,179
18,94,add,112
96,68,add,164
73,71,add,144
97,91,add,188
66,72,add,138
19,35,add,54
63,53,add,116
67,36,add,103
6,99,add,105
83,41,add,124
24,17,add,41
93,0,add,93
5,67,add,72
4,100,add,104
72,3,add,75
36,53,add,89
80,92,add,172
57,65,add,122
97,42,add,139
34,67,add,101
41,49,add,90
23,14,add,37
79,83,add,162
58,40,add,98
71,77,add,148
70,69,add,139
84,92,add,176
78,99,add,177
34,61,add,95
43,85,add,128
80,80,add,160
59,28,add,87
27,98,add,125
54,47,add,101
61,91,add,152
15,9,add,24
19,19,add,38
14,43,add,57
90,81,add,171
6,48,add,54
37,7,add,44
76,19,add,95
74,0,add,74
1,51,add,52
42,90,add,132
94,84,add,178
26,22,add,48
73,85,add,158
86,72,add,158
44,4,add,48
18,35,add,53
52,12,add,64
68,32,add,100
90,53,add,143
63,87,add,150
16,51,add,67
38,30,add,68
32,31,add,63
63,62,add,125
1,80,add,81
82,76,add,158
49,3,add,52
37,6,add,43
1,97,add,98
100,1,add,101
58,24,add,82
17,99,add,116
6,74,add,80
71,34,add,105
35,74,add,109
2,17,add,19
48,53,add,101
27,36,add,63
55,75,add,130
84,4,add,88
92,92,add,184
29,43,add,72
68,66,add,134
78,11,add,89
84,56,add,140
16,15,add,31
31,66,add,97
48,32,add,80
51,47,add,98
16,81,add,97
22,58,add,80
5,59,add,64
75,18,add,93
47,27,add,74
64,76,add,140
59,83,add,142
57,23,add,80
97,81,add,178
64,5,add,69
31,28,add,59
22,4,add,26
0,24,add,24
1,56,add,57
97,60,add,157
18,17,add,35
8,9,add,17
30,15,add,45
17,75,add,92
10,56,add,66
9,87,add,96
30,71,add,101
33,75,add,108
75,20,add,95
93,10,add,103
36,82,add,118
32,18,add,50
5,95,add,100
23,71,add,94
34,86,add,120
4,57,add,61
50,90,add,140
46,11,add,57
6,82,add,88
77,29,add,106
41,21,add,62
61,81,add,142
42,58,add,100
46,61,add,107
23,59,add,82
82,8,add,90
54,3,add,57
88,66,add,154
40,39,add,79
13,75,add,88
32,98,add,130
7,55,add,62
4,67,add,71
100,54,add,154
84,14,add,98
33,57,add,90
16,8,add,24
94,74,add,168
94,92,add,186
98,63,add,161
21,95,add,116
49,32,add,81
82,56,add,138
45,84,add,129
74,87,add,161
63,12,add,75
83,43,add,126
5,34,add,39
23,10,add,33
94,56,add,150
97,82,add,179
23,15,add,38
21,58,add,79
38,57,add,95
50,63,add,113
58,59,add,117
62,99,add,161
72,74,add,146
2,24,add,26
8,44,add,52
58,93,add,151
47,98,add,145
83,76,add,159
83,94,add,177
7,31,add,38
56,23,add,79
39,55,add,94
20,26,add,46
2,68,add,70
14,75,add,89
36,44,add,80
43,45,add,88
48,83,add,131
38,3,add,41
36,76,add,112
24,77,add,101
78,25,add,103
51,20,add,71
34,83,add,117
18,55,add,73
33,42,add,75
17,100,add,117
39,83,add,122
24,20,add,44
76,5,add,81
24,25,add,49
79,9,add,88
11,10,add,21
82,67,add,149
53,87,add,140
84,23,add,107
5,50,add,55
82,9,add,91
84,62,add,146
8,74,add,82
95,79,add,174
31,17,add,48
89,13,add,102
99,31,add,130
50,88,add,138
97,12,add,109
64,57,add,121
41,57,add,98
85,67,add,152
46,8,add,54
50,71,add,121
17,66,add,83
30,2,add,32
22,91,add,113
64,43,add,107
38,67,add,105
76,19,add,95
63,88,add,151
2,48,add,50
19,42,add,61
58,34,add,92
39,37,add,76
34,24,add,58
30,98,add,128
53,20,add,73
20,30,add,50
28,79,add,107
20,100,add,120
17,22,add,39
64,67,add,131
45,29,add,74
18,93,add,111
23,58,add,81
100,77,add,177
23,69,add,92
46,65,add,111
16,43,add,59
26,64,add,90
68,2,add,70
83,67,add,150
78,46,add,124
3,25,add,28
13,48,add,61
80,75,add,155
82,23,add,105
95,44,add,139
19,13,add,32
36,13,add,49
31,48,add,79
41,55,add,96
29,7,add,36
59,93,add,152
51,30,add,81
90,75,add,165
23,94,add,117
52,43,add,95
52,64,add,116
97,58,add,155
67,24,add,91
31,50,add,81
17,20,add,37
87,60,add,147
39,22,add,61
48,78,add,126
74,72,add,146
80,87,add,167
9,99,add,108
15,70,add,85
89,48,add,137
83,48,add,131
30,8,add,38
97,92,add,189
20,94,add,114
5,19,add,24
58,80,add,138
60,52,add,112
100,62,add,162
21,66,add,87
69,30,add,99
87,55,add,142
86,58,add,144
13,89,add,102
61,50,add,111
76,20,add,96
88,14,add,102
86,49,add,135
92,62,add,154
32,54,add,86
83,58,add,141
69,3,add,72
51,70,add,121
99,51,add,150
30,66,add,96
64,91,add,155
5,16,add,21
3,51,add,54
26,62,add,88
54,59,add,113
62,79,add,141
79,8,add,87
2,49,add,51
58,88,add,146
90,3,add,93
48,99,add,147
45,82,add,127
61,81,add,142
15,90,add,105
35,22,add,57
21,5,add,26
94,65,add,159
18,53,add,71
42,80,add,122
37,76,add,113
12,85,add,97
97,43,add,140
68,15,add,83
59,97,add,156
48,40,add,88
22,30,add,52
63,16,add,79
54,55,add,109
31,77,add,108
68,79,add,147
68,53,add,121
49,51,add,100
57,0,add,57
48,54,add,102
36,65,add,101
84,41,add,125
9,81,add,90
92,43,add,135
66,93,add,159
13,83,add,96
100,76,add,176
78,94,add,172
42,63,add,105
39,96,add,135
87,61,add,148
91,18,add,109
92,46,add,138
35,65,add,100
71,58,add,129
25,77,add,102
2,89,add,91
6,53,add,59
68,39,add,107
45,88,add,133
31,44,add,75
97,96,add,193
61,67,add,128
5,9,add,14
54,58,add,112
85,39,add,124
86,89,add,175
51,81,add,132
32,64,add,96
77,85,add,162
43,83,add,126
27,15,add,42
66,15,add,81
31,79,add,110
45,32,add,77
47,19,add,66
13,2,add,15
14,29,add,43
53,98,add,151
23,32,add,55
19,0,add,19
65,65,add,130
38,8,add,46
57,20,add,77
22,72,add,94
11,8,add,19
65,83,add,148
62,52,add,114
51,99,add,150
12,70,add,82
53,27,add,80
76,1,add,77
87,41,add,128
54,44,add,98
61,87,add,148
54,43,add,97
70,20,add,90
83,53,add,136
7,5,add,12
24,40,add,64
32,61,add,93
8,56,add,64
31,48,add,79
89,33,add,122
63,50,add,113
12,59,add,71
7,18,add,25
62,23,add,85
39,22,add,61
89,50,add,139
6,30,add,36
54,28,add,82
92,67,add,159
10,4,add,14
56,4,add,60
46,9,add,55
29,94,add,123
39,7,add,46
56,99,add,155
18,7,add,25
6,17,add,23
32,17,add,49
47,7,add,54
82,3,add,85
34,62,add,96
56,64,add,120
87,42,add,129
94,41,add,135
88,84,add,172
22,100,add,122
81,25,add,106
16,71,add,87
79,75,add,154
77,95,add,172
28,14,add,42
46,85,add,131
2,6,add,8
78,11,add,89
43,6,add,49
19,5,add,24
39,33,add,72
36,7,add,43
5,85,add,90
57,22,add,79
92,56,add,148
68,84,add,152
31,13,add,44
32,36,add,68
12,26,add,38
77,28,add,105
47,6,add,53
70,67,add,137
48,74,add,122
84,12,add,96
58,63,add,121
67,8,add,75
83,25,add,108
16,35,add,51
7,39,add,46
58,43,add,101
99,34,add,133
59,77,add,136
79,61,add,140
83,9,add,92
80,52,add,132
33,24,add,57
21,62,add,83
80,11,add,91
58,6,add,64
53,70,add,123
41,60,add,101
23,56,add,79
37,46,add,83
38,32,add,70
46,14,add,60
81,73,add,154
11,82,add,93
83,90,add,173
32,80,add,112
70,87,add,157
76,26,add,102
68,18,add,86
24,74,add,98
9,33,add,42
76,12,add,88
62,42,add,104
40,36,add,76
38,78,add,116
70,59,add,129
66,87,add,153
83,16,add,99
13,78,add,91
78,34,add,112
70,48,add,118
17,52,add,69
10,85,add,95
11,90,add,101
35,60,add,95
1,70,add,71
97,3,add,100
81,1,add,82
4,99,add,103
60,8,add,68
64,93,add,157
90,54,add,144
89,25,add,114
81,32,add,113
82,82,add,164
71,68,add,139
5,11,add,16
92,47,add,139
38,55,add,93
48,78,add,126
100,90,add,190
1,80,add,81
75,71,add,146
64,60,add,124
41,2,add,43
77,43,add,120
26,16,add,42
78,62,add,140
61,0,add,61
13,99,add,112
9,6,add,15
94,51,add,145
84,21,add,105
57,85,add,142
46,14,add,60
47,11,add,58
1,20,add,21
10,57,add,67
26,17,add,43
19,3,add,22
96,5,add,101
55,20,add,75
28,32,add,60
42,43,add,85
27,76,add,103
11,94,add,105
33,29,add,62
7,42,add,49
60,82,add,142
83,51,add,134
85,40,add,125
63,21,add,84
5,13,add,18
0,46,add,46
84,24,add,108
80,95,add,175
26,89,add,115
77,91,add,168
52,1,add,53
37,60,add,97
23,22,add,45
38,70,add,108
59,0,add,59
96,88,add,184
92,53,add,145
27,70,add,97
5,56,add,61
75,56,add,131
86,20,add,106
95,70,add,165
50,77,add,127
62,26,add,88
28,70,add,98
49,39,add,88
81,11,add,92
36,18,add,54
21,53,add,74
19,97,add,116
93,23,add,116
77,85,add,162
41,8,add,49
89,62,add,151
35,68,add,103
36,22,add,58
90,25,add,115
2,24,add,26
3,82,add,85
51,50,add,101
73,19,add,92
50,27,add,77
83,48,add,131
2,1,add,3
34,64,add,98
16,45,add,61
44,85,add,129
81,81,add,162
99,8,add,107
56,32,add,88
59,96,add,155
25,22,add,47
13,83,add,96
62,85,add,147
15,92,add,107
51,82,add,133
44,47,add,91
84,9,add,93
24,86,add,110
5,78,add,83
80,65,add,145
53,56,add,109
47,87,add,134
64,56,add,120
87,44,add,131
1,50,add,51
26,60,add,86
65,78,add,143
77,88,add,165
94,47,add,141
16,33,add,49
38,22,add,60
11,19,add,30
97,57,add,154
0,19,add,19
39,26,add,65
41,45,add,86
45,16,add,61
2,72,add,74
100,16,add,116
43,45,add,88
42,3,add,45
10,76,add,86
86,7,add,93
75,69,add,144
32,86,add,118
29,87,add,116
87,64,add,151
45,85,add,130
82,52,add,134
39,21,add,60
75,32,add,107
34,90,add,124
64,70,add,134
3,61,add,64
27,64,add,91
93,85,add,178
2,85,add,87
22,46,add,68
25,2,add,27
16,46,add,62
90,26,add,116
65,43,add,108
55,31,add,86
34,2,add,36
24,52,add,76
74,22,add,96
6,36,add,42
62,82,add,144
22,88,add,110
95,28,add,123
48,22,add,70
43,30,add,73
27,46,add,73
69,97,add,166
10,10,add,20
5,59,add,64
28,2,add,30
88,78,add,166
63,20,add,83
81,6,add,87
18,40,add,58
16,89,add,105
94,6,add,100
44,77,add,121
7,47,add,54
36,40,add,76
31,13,add,44
62,54,add,116
98,98,add,196
18,87,add,105
94,78,add,172
20,21,add,41
14,12,add,26
10,56,add,66
31,0,add,31
78,65,add,143
54,36,add,90
50,24,add,74
97,92,add,189
38,48,add,86
55,15,add,70
1,77,add,78
75,88,add,163
86,30,add,116
77,80,add,157
63,64,add,127
5,83,add,88
66,33,add,99
31,68,add,99
67,19,add,86
77,90,add,167
51,90,add,141
52,39,add,91
40,2,add,42
77,83,add,160
73,42,add,115
3,80,add,83
62,52,add,114
1,95,add,96
35,59,add,94
30,47,add,77
10,50,add,60
65,77,add,142
95,75,add,170
73,61,add,134
92,73,add,165
100,15,add,115
50,30,add,80
85,40,add,125
55,25,add,80
14,44,add,58
58,93,add,151
82,11,add,93
100,28,add,128
68,53,add,121
60,62,add,122
93,33,add,126
70,81,add,151
70,59,add,129
55,36,add,91
11,58,add,69
85,90,add,175
93,79,add,172
32,97,add,129
83,9,add,92
33,20,add,53
25,31,add,56
32,11,add,43
81,31,add,112
72,37,add,109
75,77,add,152
97,78,add,175
44,35,add,79
77,29,add,106
72,39,add,111
83,6,add,89
93,47,add,140
74,9,add,83
65,29,add,94
34,76,add,110
34,84,add,118
100,53,add,153
35,84,add,119
59,76,add,135
30,61,add,91
40,45,add,85
82,29,add,111
83,94,add,177
74,78,add,152
100,56,add,156
56,84,add,140
94,94,add,188
26,7,add,33
16,16,add,32
14,88,add,102
99,57,add,156
41,39,add,80
36,9,add,45
92,49,add,141
49,46,add,95
18,51,add,69
23,49,add,72
65,96,add,161
80,14,add,94
65,84,add,149
34,69,add,103
57,36,add,93
54,75,add,129
91,31,add,122
83,55,add,138
56,66,add,122
3,43,add,46
13,21,add,34
17,47,add,64
21,40,add,61
1,95,add,96
50,46,add,96
16,77,add,93
40,74,add,114
18,30,add,48
22,59,add,81
67,62,add,129
11,100,add,111
21,90,add,111
33,24,add,57
93,40,add,133
88,64,add,152
97,11,add,108
100,6,add,106
75,69,add,144
88,68,add,156
0,74,add,74
32,68,add,100
49,33,add,82
5,98,add,103
35,69,add,104
26,78,add,104
17,3,add,20
83,59,add,142
30,80,add,110
57,46,add,103
65,100,add,165
4,23,add,27
75,95,add,170
9,55,add,64
40,23,add,63
59,23,add,82
80,62,add,142
29,14,add,43
42,1,add,43
3,77,add,80
97,98,add,195
45,80,add,125
92,3,add,95
65,30,add,95
94,89,add,183
38,100,add,138
81,83,add,164
50,97,add,147
42,69,add,111
0,65,add,65
87,64,add,151
61,36,add,97
99,40,add,139
12,66,add,78
21,91,add,112
33,28,add,61
91,69,add,160
77,27,add,104
19,84,add,103
58,7,add,65
90,12,add,102
82,95,add,177
91,90,add,181
81,23,add,104
97,76,add,173
26,25,add,51
84,58,add,142
48,94,add,142
20,84,add,104
74,5,add,79
56,73,add,129
32,22,add,54
59,75,add,134
11,96,add,107
5,1,add,6
58,14,add,72
70,76,add,146
14,65,add,79
53,21,add,74
34,21,add,55
16,73,add,89
0,2,add,2
84,38,add,122
85,47,add,132
0,55,add,55
39,21,add,60
30,41,add,71
9,34,add,43
70,33,add,103
63,53,add,116
64,31,add,95
20,59,add,79
28,19,add,47
96,9,add,105
44,49,add,93
54,76,add,130
6,51,add,57
82,89,add,171
8,68,add,76
93,38,add,131
8,35,add,43
14,70,add,84
87,15,add,102
72,53,add,125
24,18,add,42
65,83,add,148
96,26,add,122
30,47,add,77
31,6,add,37
72,73,add,145
55,37,add,92
64,68,add,132
67,14,add,81
26,77,add,103
38,70,add,108
21,53,add,74
55,92,add,147
0,86,add,86
50,18,add,68
53,58,add,111
58,33,add,91
12,61,add,73
11,21,add,32
32,67,add,99
33,60,add,93
56,28,add,84
39,83,add,122
61,55,add,116
64,25,add,89
93,8,add,101
11,15,add,26
40,86,add,126
25,92,add,117
84,25,add,109
76,26,add,102
92,70,add,162
68,39,add,107
85,44,add,129
8,79,add,87
93,86,add,179
27,46,add,73
16,8,add,24
42,55,add,97
91,35,add,126
23,24,add,47
32,31,add,63
42,71,add,113
4,86,add,90
66,96,add,162
60,85,add,145
15,17,add,32
17,58,add,75
29,38,add,67
74,40,add,114
43,11,add,54
23,33,add,56
26,96,add,122
25,37,add,62
29,42,add,71
23,53,add,76
74,0,add,74
72,80,add,152
88,54,add,142
70,86,add,156
38,11,add,49
5,4,add,9
25,42,add,67
73,41,add,114
67,6,add,73
73,46,add,119
75,2,add,77
79,84,add,163
15,24,add,39
95,88,add,183
11,2,add,13
41,79,add,120
64,17,add,81
20,6,add,26
46,66,add,112
60,45,add,105
30,2,add,32
20,17,add,37
70,38,add,108
82,61,add,143
47,2,add,49
74,98,add,172
48,8,add,56
63,84,add,147
44,5,add,49
32,59,add,91
23,96,add,119
18,34,add,52
15,84,add,99
83,89,add,172
82,74,add,156
27,13,add,40
54,94,add,148
0,57,add,57
56,64,add,120
77,71,add,148
67,1,add,68
52,74,add,126
0,48,add,48
87,32,add,119
3,34,add,37
55,62,add,117
98,23,add,121
82,68,add,150
46,78,add,124
100,20,add,120
8,50,add,58
29,3,add,32
28,47,add,75
30,61,add,91
29,32,add,61
38,20,add,58
70,51,add,121
95,89,add,184
65,48,add,113
11,72,add,83
39,90,add,129
31,53,add,84
10,89,add,99
40,0,add,40
28,54,add,82
94,89,add,183
19,42,add,61
19,97,add,116
0,36,add,36
19,96,add,115
6,16,add,22
29,49,add,78
71,79,add,150
39,40,add,79
27,81,add,108
3,79,add,82
27,71,add,98
70,4,add,74
24,30,add,54
40,76,add,116
17,5,add,22
88,19,add,107
77,66,add,143
61,31,add,92
35,63,add,98
54,33,add,87
89,93,add,182
83,63,add,146
16,4,add,20
79,57,add,136
75,53,add,128
25,20,add,45
8,70,add,78
27,43,add,70
53,64,add,117
86,58,add,144
46,11,add,57
74,79,add,153
77,83,add,160
85,3,add,88
72,26,add,98
72,88,add,160
31,34,add,65
60,53,add,113
69,47,add,116
62,29,add,91
42,63,add,105
88,90,add,178
2,7,add,9
81,69,add,150
95,67,add,162
52,29,add,81
78,17,add,95
73,100,add,173
79,62,add,141
43,31,add,74
37,91,add,128
71,65,add,136
75,9,add,84
0,28,add,28
94,4,add,98
84,51,add,135
67,84,add,151
87,93,add,180
22,64,add,86
22,43,add,65
40,45,add,85
39,73,add,112
91,66,add,157
90,84,add,174
37,85,add,122
24,94,add,118
1,31,add,32
96,83,add,179
