65,99,sub,-34
13,62,sub,-49
13,15,add,28
94,93,sub,1
99,17,sub,82
62,86,add,148
59,58,sub,1
71,94,add,165
14,12,sub,2
10,27,add,37
46,32,add,78
46,57,sub,-11
9,6,add,15
58,97,add,155
80,12,sub,68
55,73,sub,-18
12,77,sub,-65
37,13,sub,24
91,6,sub,85
86,26,add,112
18,96,sub,-78
4,78,add,82
67,12,sub,55
7,54,sub,-47
83,67,add,150
31,29,add,60
37,44,sub,-7
65,94,sub,-29
69,55,add,124
54,42,sub,12
76,63,add,139
7,74,add,81
28,65,sub,-37
52,83,sub,-31
100,26,sub,74
36,13,sub,23
2,91,add,93
14,40,add,54
41,72,add,113
42,9,add,51
6,59,add,65
75,76,add,151
92,0,sub,92
49,100,add,149
23,8,sub,15
80,76,sub,4
30,51,sub,-21
14,70,add,84
68,49,sub,19
3,96,sub,-93
50,78,sub,-28
64,51,add,115
91,38,add,129
78,29,add,107
59,0,add,59
57,44,add,101
11,17,add,28
82,14,sub,68
2,33,add,35
0,33,sub,-33
2,59,add,61
65,5,add,70
27,46,add,73
39,65,sub,-26
19,50,add,69
53,35,add,88
54,54,add,108
95,25,sub,70
15,4,sub,11
91,38,sub,53
99,94,add,193
42,100,sub,-58
55,77,add,132
28,97,add,125
40,84,add,124
99,53,sub,46
94,62,sub,32
3,27,add,30
73,58,add,131
46,82,add,128
0,61,sub,-61
94,86,sub,8
17,83,sub,-66
28,68,add,96
37,16,sub,21
23,66,add,89
96,24,sub,72
83,62,add,145
31,81,sub,-50
42,6,sub,36
79,50,sub,29
40,65,sub,-25
30,30,sub,0
53,64,sub,-11
12,22,add,34
19,38,add,57
30,40,add,70
1,51,add,52
49,81,add,130
10,29,add,39
54,49,add,103
83,53,add,136
11,40,add,51
59,56,sub,3
39,46,sub,-7
48,50,add,98
49,39,add,88
82,71,add,153
28,77,sub,-49
12,14,sub,-2
22,78,add,100
46,48,sub,-2
18,50,add,68
59,8,sub,51
48,79,sub,-31
36,12,sub,24
36,9,sub,27
46,93,add,139
17,98,add,115
15,19,sub,-4
26,45,add,71
54,78,sub,-24
31,8,add,39
75,33,sub,42
39,24,add,63
19,4,sub,15
8,74,add,82
5,71,sub,-66
64,29,sub,35
75,11,add,86
71,65,add,136
16,98,sub,-82
71,5,add,76
42,65,add,107
70,2,add,72
99,82,sub,17
77,79,add,156
43,4,sub,39
41,98,add,139
74,19,sub,55
7,81,add,88
46,12,add,58
48,96,sub,-48
9,87,add,96
84,24,add,108
55,73,add,128
33,38,sub,-5
72,70,sub,2
52,71,sub,-19
89,82,sub,7
21,27,add,48
47,76,add,123
14,23,sub,-9
29,29,add,58
85,73,sub,12
27,81,sub,-54
86,82,add,168
46,100,sub,-54
99,83,add,182
10,25,add,35
23,28,sub,-5
90,25,sub,65
65,75,add,140
16,25,add,41
56,66,sub,-10
57,71,add,128
36,29,sub,7
55,57,add,112
76,86,add,162
40,46,sub,-6
88,42,add,130
75,34,add,109
42,39,sub,3
35,25,add,60
31,71,add,102
43,89,sub,-46
81,2,add,83
23,7,add,30
78,79,add,157
62,47,sub,15
45,61,add,106
4,73,add,77
77,67,add,144
76,4,add,80
32,66,add,98
0,7,add,7
74,84,add,158
38,39,sub,-1
44,75,sub,-31
93,15,add,108
36,71,add,107
55,67,add,122
62,27,sub,35
37,70,sub,-33
34,50,add,84
19,25,add,44
21,91,add,112
47,98,add,145
12,92,sub,-80
53,23,add,76
43,4,sub,39
88,40,add,128
44,36,sub,8
6,52,add,58
42,14,sub,28
40,78,sub,-38
15,20,sub,-5
35,43,sub,-8
14,36,sub,-22
26,23,sub,3
80,74,sub,6
32,13,add,45
93,90,sub,3
80,74,sub,6
20,43,add,63
18,60,sub,-42
10,79,sub,-69
54,60,sub,-6
6,94,add,100
76,32,sub,44
5,80,add,85
31,18,sub,13
3,65,add,68
71,9,add,80
5,100,sub,-95
21,100,sub,-79
29,20,add,49
17,32,sub,-15
42,17,add,59
68,7,add,75
100,76,sub,24
12,60,add,72
38,30,sub,8
33,42,sub,-9
71,35,sub,36
2,15,sub,-13
66,97,sub,-31
57,89,sub,-32
39,20,sub,19
61,16,sub,45
68,55,add,123
47,83,sub,-36
91,61,sub,30
53,29,add,82
32,49,add,81
48,39,add,87
1,76,sub,-75
2,45,sub,-43
4,88,sub,-84
49,99,sub,-50
94,68,add,162
87,95,add,182
52,15,add,67
62,69,add,131
8,56,add,64
24,49,sub,-25
34,4,add,38
4,64,add,68
84,74,sub,10
67,23,add,90
28,92,sub,-64
73,6,sub,67
35,91,add,126
83,4,add,87
17,27,add,44
79,15,add,94
48,66,sub,-18
62,74,add,136
7,16,add,23
12,52,add,64
43,13,sub,30
48,69,sub,-21
37,21,sub,16
73,16,sub,57
67,38,sub,29
86,25,add,111
87,60,add,147
76,65,sub,11
80,59,sub,21
82,32,add,114
75,35,sub,40
61,39,add,100
24,34,sub,-10
66,21,sub,45
3,38,add,41
74,99,add,173
15,86,sub,-71
76,49,sub,27
78,10,sub,68
47,85,sub,-38
73,83,sub,-10
93,97,add,190
53,2,add,55
30,9,sub,21
33,35,sub,-2
11,19,add,30
88,27,sub,61
19,88,sub,-69
48,75,sub,-27
4,14,add,18
19,87,sub,-68
37,97,add,134
21,62,add,83
14,79,sub,-65
93,3,add,96
7,72,add,79
94,13,sub,81
66,98,add,164
33,62,sub,-29
61,97,add,158
34,42,add,76
78,65,add,143
46,62,sub,-16
98,19,add,117
79,42,add,121
27,37,sub,-10
49,99,add,148
44,51,add,95
15,4,sub,11
24,66,sub,-42
20,88,sub,-68
96,90,sub,6
43,76,sub,-33
93,24,sub,69
28,83,sub,-55
3,3,sub,0
69,3,sub,66
10,83,add,93
47,45,add,92
5,57,add,62
80,9,add,89
29,84,sub,-55
31,53,sub,-22
7,57,sub,-50
84,77,add,161
42,67,add,109
44,44,add,88
73,56,sub,17
9,46,add,55
94,71,add,165
69,83,sub,-14
53,87,add,140
25,21,sub,4
55,65,sub,-10
0,15,sub,-15
100,3,add,103
59,24,sub,35
34,100,add,134
63,75,add,138
76,72,add,148
94,74,sub,20
23,78,sub,-55
45,84,sub,-39
27,42,sub,-15
95,60,add,155
24,62,sub,-38
5,46,sub,-41
67,56,add,123
55,65,sub,-10
55,20,sub,35
54,0,add,54
50,43,sub,7
64,72,add,136
51,46,sub,5
26,86,add,112
45,100,sub,-55
7,83,sub,-76
33,75,sub,-42
57,26,sub,31
30,48,add,78
68,30,add,98
26,76,add,102
38,70,add,108
53,63,sub,-10
72,18,add,90
85,52,add,137
63,95,sub,-32
6,44,add,50
92,61,sub,31
98,14,sub,84
72,11,add,83
61,6,sub,55
62,43,sub,19
94,37,sub,57
55,68,add,123
75,31,sub,44
16,88,sub,-72
88,78,add,166
47,49,add,96
34,10,add,44
98,73,add,171
89,73,sub,16
50,34,sub,16
32,40,sub,-8
68,83,add,151
33,7,sub,26
97,39,add,136
2,76,sub,-74
45,49,sub,-4
25,72,add,97
85,37,add,122
29,11,add,40
8,32,sub,-24
92,17,sub,75
19,75,sub,-56
13,30,sub,-17
100,100,sub,0
42,88,sub,-46
17,83,sub,-66
4,73,sub,-69
14,51,sub,-37
30,31,add,61
48,1,sub,47
95,53,add,148
24,63,sub,-39
92,61,sub,31
99,91,sub,8
5,82,add,87
10,14,add,24
85,5,add,90
42,9,sub,33
91,34,sub,57
73,4,sub,69
48,42,sub,6
44,50,add,94
96,38,add,134
55,81,add,136
73,99,sub,-26
65,82,sub,-17
31,96,sub,-65
40,3,sub,37
2,95,add,97
15,22,sub,-7
4,27,sub,-23
22,29,add,51
23,34,sub,-11
73,46,sub,27
67,58,add,125
17,51,sub,-34
72,31,add,103
94,59,sub,35
64,88,sub,-24
61,29,sub,32
18,24,sub,-6
48,35,add,83
39,25,sub,14
56,12,sub,44
29,85,sub,-56
42,57,sub,-15
32,96,add,128
21,94,sub,-73
75,17,sub,58
69,24,sub,45
29,29,sub,0
61,31,sub,30
52,78,sub,-26
84,12,add,96
78,96,sub,-18
98,98,sub,0
24,97,sub,-73
73,12,sub,61
18,26,sub,-8
98,25,add,123
70,96,sub,-26
68,62,add,130
11,9,sub,2
63,86,sub,-23
51,45,add,96
74,3,sub,71
48,43,sub,5
61,8,add,69
50,82,sub,-32
6,15,sub,-9
57,28,sub,29
37,49,add,86
90,99,add,189
39,33,sub,6
80,81,add,161
81,57,add,138
54,90,add,144
8,43,sub,-35
34,39,sub,-5
11,21,add,32
23,39,sub,-16
82,75,sub,7
43,22,add,65
76,89,add,165
39,14,add,53
66,6,add,72
4,39,add,43
13,69,add,82
89,34,sub,55
66,39,add,105
11,94,sub,-83
36,33,sub,3
90,90,add,180
10,59,sub,-49
13,30,sub,-17
90,98,add,188
60,79,add,139
0,39,sub,-39
6,94,add,100
84,19,sub,65
46,41,sub,5
84,55,add,139
4,7,add,11
35,11,add,46
91,79,add,170
3,20,add,23
22,100,add,122
87,85,sub,2
50,76,add,126
39,76,sub,-37
40,68,add,108
1,36,add,37
95,49,add,144
53,23,sub,30
16,88,add,104
43,85,add,128
83,7,sub,76
88,77,add,165
56,46,add,102
0,7,add,7
65,40,add,105
3,72,sub,-69
42,37,add,79
9,60,add,69
7,58,sub,-51
98,77,add,175
29,96,sub,-67
94,98,sub,-4
0,33,sub,-33
82,35,add,117
0,92,sub,-92
31,94,sub,-63
17,28,add,45
85,15,sub,70
59,35,sub,24
67,93,sub,-26
99,43,sub,56
10,67,add,77
66,12,sub,54
83,23,add,106
63,90,add,153
42,97,add,139
69,30,sub,39
4,8,add,12
83,83,sub,0
54,90,add,144
7,22,add,29
28,69,add,97
28,57,sub,-29
29,94,add,123
80,6,sub,74
57,69,sub,-12
46,17,add,63
7,74,add,81
47,14,sub,33
9,8,add,17
16,100,add,116
45,81,sub,-36
54,23,sub,31
42,26,sub,16
89,84,sub,5
37,44,sub,-7
61,61,add,122
1,10,add,11
12,90,add,102
64,57,add,121
49,75,sub,-26
100,88,add,188
8,45,add,53
43,81,add,124
72,84,sub,-12
55,52,add,107
34,71,sub,-37
77,60,sub,17
40,27,add,67
29,59,sub,-30
5,47,sub,-42
90,4,sub,86
50,55,add,105
50,100,add,150
48,51,add,99
37,89,add,126
80,94,sub,-14
66,31,sub,35
39,81,add,120
96,31,add,127
20,23,sub,-3
57,2,add,59
47,9,add,56
98,37,sub,61
74,24,add,98
84,55,sub,29
61,33,sub,28
52,55,add,107
46,38,add,84
63,87,add,150
70,51,sub,19
70,8,sub,62
73,31,add,104
91,100,sub,-9
23,94,sub,-71
81,91,add,172
19,95,sub,-76
11,57,sub,-46
92,86,add,178
56,88,sub,-32
0,66,sub,-66
63,22,sub,41
22,37,sub,-15
65,85,sub,-20
26,6,add,32
49,1,add,50
53,96,sub,-43
43,43,add,86
85,2,sub,83
25,1,sub,24
78,6,sub,72
89,98,sub,-9
1,24,sub,-23
48,68,add,116
70,60,add,130
68,82,add,150
81,65,sub,16
26,64,add,90
90,77,sub,13
92,87,sub,5
14,57,sub,-43
30,81,sub,-51
56,50,add,106
49,10,sub,39
30,81,sub,-51
19,21,add,40
50,1,add,51
40,39,add,79
62,21,sub,41
30,19,add,49
7,19,add,26
45,96,sub,-51
15,85,add,100
64,42,add,106
58,15,sub,43
93,38,sub,55
54,96,sub,-42
4,34,sub,-30
17,76,sub,-59
84,78,sub,6
47,100,sub,-53
34,2,sub,32
5,93,add,98
36,37,sub,-1
2,29,sub,-27
83,8,sub,75
59,99,sub,-40
29,79,add,108
13,63,add,76
30,41,add,71
9,86,add,95
93,0,add,93
24,45,add,69
40,22,sub,18
71,4,sub,67
87,79,sub,8
95,16,add,111
64,83,add,147
5,2,add,7
36,38,sub,-2
45,81,add,126
53,7,add,60
87,77,add,164
5,58,add,63
12,97,add,109
80,7,sub,73
59,24,add,83
44,36,sub,8
38,23,sub,15
63,55,add,118
86,70,add,156
42,35,add,77
58,76,sub,-18
5,96,add,101
35,60,sub,-25
64,91,add,155
66,38,sub,28
19,25,sub,-6
27,19,sub,8
11,80,sub,-69
65,70,sub,-5
31,83,add,114
21,3,sub,18
81,21,sub,60
37,11,sub,26
51,63,add,114
77,20,add,97
63,5,add,68
3,35,sub,-32
19,60,add,79
66,0,add,66
17,95,add,112
3,69,sub,-66
88,83,sub,5
68,93,add,161
66,41,sub,25
88,25,sub,63
18,71,sub,-53
91,81,sub,10
42,0,sub,42
38,2,add,40
85,27,add,112
75,66,add,141
82,63,add,145
34,16,add,50
27,24,sub,3
24,35,add,59
35,89,sub,-54
28,60,sub,-32
7,25,add,32
35,69,add,104
3,69,sub,-66
79,77,add,156
90,99,sub,-9
32,64,add,96
93,5,add,98
19,29,add,48
68,48,add,116
88,26,add,114
10,1,sub,9
63,7,add,70
17,67,sub,-50
70,65,sub,5
24,58,add,82
16,97,sub,-81
49,21,sub,28
48,72,add,120
21,12,sub,9
39,95,add,134
14,86,add,100
20,98,sub,-78
60,69,sub,-9
80,59,add,139
79,99,sub,-20
67,2,sub,65
12,48,add,60
95,60,add,155
46,17,add,63
42,92,sub,-50
43,25,add,68
8,67,add,75
13,30,sub,-17
26,82,add,108
54,10,add,64
18,47,sub,-29
90,69,sub,21
73,99,add,172
72,62,add,134
24,69,sub,-45
68,62,sub,6
60,47,sub,13
9,33,sub,-24
40,47,add,87
45,1,add,46
28,72,add,100
50,0,sub,50
84,63,add,147
38,83,sub,-45
35,3,add,38
38,7,add,45
6,82,add,88
78,32,add,110
54,20,add,74
87,13,sub,74
60,82,add,142
95,90,add,185
42,5,sub,37
59,52,sub,7
84,77,sub,7
33,54,add,87
8,88,sub,-80
72,91,sub,-19
91,9,add,100
74,6,sub,68
91,89,sub,2
55,16,add,71
64,1,sub,63
12,83,add,95
85,66,sub,19
41,27,sub,14
45,9,add,54
9,28,add,37
91,88,add,179
6,55,add,61
42,92,add,134
34,11,add,45
42,45,sub,-3
87,68,add,155
8,99,sub,-91
56,62,sub,-6
41,100,add,141
50,74,sub,-24
32,24,add,56
99,39,sub,60
24,48,add,72
57,51,sub,6
26,94,add,120
77,18,add,95
65,87,sub,-22
68,28,sub,40
25,18,sub,7
57,53,add,110
94,84,add,178
4,35,add,39
56,83,sub,-27
95,40,add,135
51,90,add,141
90,28,sub,62
37,36,sub,1
96,55,sub,41
33,8,add,41
11,71,add,82
78,18,sub,60
12,23,add,35
90,23,sub,67
87,82,add,169
10,22,add,32
76,78,sub,-2
44,87,sub,-43
59,0,add,59
8,82,sub,-74
2,50,add,52
66,28,add,94
55,46,add,101
88,39,add,127
30,49,sub,-19
10,17,add,27
99,84,sub,15
64,32,add,96
6,50,sub,-44
64,67,sub,-3
44,50,add,94
64,85,add,149
92,77,sub,15
62,22,sub,40
38,66,add,104
24,49,add,73
39,61,sub,-22
100,29,sub,71
7,48,add,55
90,55,add,145
61,77,add,138
36,40,add,76
6,11,sub,-5
85,34,add,119
21,36,sub,-15
56,47,sub,9
25,44,sub,-19
60,31,sub,29
13,29,add,42
17,13,add,30
80,63,add,143
38,82,add,120
23,8,add,31
63,82,add,145
39,2,sub,37
82,99,sub,-17
94,1,sub,93
82,36,add,118
90,27,add,117
75,25,add,100
36,0,add,36
66,78,sub,-12
12,40,sub,-28
34,86,sub,-52
22,9,add,31
81,67,add,148
83,19,add,102
95,35,sub,60
10,61,add,71
12,52,add,64
25,94,sub,-69
45,98,add,143
65,49,sub,16
100,75,add,175
77,59,add,136
10,78,sub,-68
49,63,add,112
6,82,sub,-76
96,37,add,133
5,82,sub,-77
13,4,sub,9
9,59,sub,-50
80,81,sub,-1
3,32,sub,-29
53,70,add,123
73,99,add,172
8,84,add,92
64,41,add,105
73,15,add,88
79,40,sub,39
13,53,sub,-40
85,26,sub,59
100,74,add,174
42,50,add,92
73,52,add,125
16,96,sub,-80
37,20,add,57
21,7,sub,14
76,32,add,108
99,17,add,116
3,44,sub,-41
11,50,add,61
86,63,sub,23
74,47,add,121
99,32,add,131
1,64,sub,-63
32,72,add,104
28,47,add,75
46,57,sub,-11
16,60,sub,-44
97,58,sub,39
97,78,sub,19
16,90,sub,-74
63,65,add,128
32,98,sub,-66
48,85,sub,-37
14,92,add,106
53,77,sub,-24
75,32,add,107
18,44,add,62
8,19,add,27
88,28,add,116
60,46,sub,14
94,19,add,113
96,49,sub,47
41,81,add,122
24,93,sub,-69
11,46,add,57
19,21,sub,-2
33,58,add,91
48,44,sub,4
69,49,add,118
32,90,sub,-58
32,2,add,34
13,91,sub,-78
18,67,sub,-49
46,6,add,52
55,41,add,96
36,65,add,101
12,68,sub,-56
92,35,sub,57
68,27,add,95
24,34,add,58
100,2,add,102
60,34,sub,26
47,70,add,117
55,31,sub,24
28,22,add,50
58,8,sub,50
37,10,sub,27
50,59,sub,-9
45,40,sub,5
94,38,sub,56
71,65,sub,6
98,46,add,144
84,10,sub,74
24,56,sub,-32
24,7,add,31
65,99,sub,-34
78,92,sub,-14
60,44,add,104
95,35,add,130
41,33,add,74
33,14,add,47
40,8,sub,32
11,1,add,12
12,4,sub,8
55,65,sub,-10
92,4,add,96
32,3,add,35
32,57,sub,-25
4,85,add,89
83,30,add,113
45,55,add,100
40,68,add,108
3,99,sub,-96
91,69,sub,22
84,76,add,160
88,53,add,141
28,85,sub,-57
58,27,add,85
58,96,sub,-38
14,27,sub,-13
66,33,sub,33
14,100,add,114
60,80,sub,-20
76,48,sub,28
41,42,add,83
79,30,sub,49
82,83,sub,-1
86,47,add,133
82,27,add,109
74,46,add,120
63,81,sub,-18
91,6,sub,85
8,30,sub,-22
58,31,add,89
24,26,sub,-2
52,79,add,131
59,38,sub,21
30,32,sub,-2
54,51,add,105
18,19,add,37
82,6,sub,76
21,99,add,120
58,74,add,132
33,27,sub,6
35,98,sub,-63
84,57,sub,27
48,1,sub,47
29,4,sub,25
61,51,sub,10
25,68,sub,-43
97,37,sub,60
38,84,sub,-46
78,88,sub,-10
79,14,add,93
56,97,add,153
19,2,sub,17
8,14,add,22
44,85,add,129
86,41,sub,45
45,50,add,95
43,28,sub,15
21,85,sub,-64
36,15,sub,21
50,38,add,88
2,73,sub,-71
43,18,sub,25
81,97,add,178
56,6,add,62
62,3,sub,59
72,83,add,155
76,13,sub,63
65,5,sub,60
4,65,add,69
32,67,sub,-35
9,59,add,68
83,95,sub,-12
56,72,add,128
7,34,sub,-27
77,84,sub,-7
79,26,sub,53
13,56,add,69
69,58,add,127
49,28,sub,21
21,8,add,29
97,36,sub,61
10,74,add,84
30,100,sub,-70
6,17,add,23
83,43,sub,40
17,99,sub,-82
31,35,add,66
5,76,add,81
23,94,sub,-71
19,45,add,64
8,20,add,28
68,65,add,133
21,55,sub,-34
23,60,sub,-37
54,57,add,111
50,60,add,110
66,94,add,160
90,65,add,155
58,11,sub,47
36,39,sub,-3
43,17,sub,26
51,8,add,59
46,85,add,131
95,13,add,108
83,74,sub,9
77,33,sub,44
1,86,add,87
38,81,sub,-43
68,50,add,118
28,11,sub,17
23,66,add,89
96,76,sub,20
44,95,sub,-51
69,60,add,129
0,82,sub,-82
66,65,add,131
3,42,sub,-39
61,38,sub,23
27,50,add,77
8,87,sub,-79
99,45,sub,54
83,16,sub,67
20,66,sub,-46
60,83,sub,-23
79,14,add,93
36,9,sub,27
66,22,add,88
19,55,sub,-36
60,58,sub,2
60,31,sub,29
10,97,add,107
55,7,sub,48
32,0,add,32
22,5,add,27
7,93,add,100
88,98,sub,-10
14,43,sub,-29
24,21,add,45
36,66,add,102
0,30,add,30
1,0,add,1
49,9,add,58
95,83,sub,12
89,91,add,180
77,82,sub,-5
76,14,sub,62
52,65,sub,-13
2,25,add,27
22,42,add,64
52,99,sub,-47
71,97,add,168
20,54,sub,-34
95,41,add,136
30,64,add,94
46,51,add,97
83,92,sub,-9
28,3,add,31
78,3,sub,75
19,100,add,119
47,58,add,105
87,39,sub,48
76,10,sub,66
15,66,sub,-51
27,38,sub,-11
28,47,add,75
51,70,sub,-19
9,1,sub,8
41,44,add,85
99,30,add,129
69,76,add,145
36,1,add,37
90,14,add,104
18,87,add,105
79,39,add,118
57,0,add,57
75,45,add,120
98,47,sub,51
14,27,sub,-13
83,40,sub,43
33,27,add,60
56,93,sub,-37
49,51,sub,-2
98,99,sub,-1
11,61,sub,-50
23,76,add,99
49,82,add,131
16,43,add,59
66,1,sub,65
69,22,sub,47
2,49,add,51
65,52,sub,13
8,36,add,44
75,58,sub,17
66,44,add,110
31,94,sub,-63
62,99,sub,-37
68,36,sub,32
57,15,sub,42
88,49,sub,39
84,45,add,129
4,77,sub,-73
19,88,add,107
5,42,sub,-37
40,2,sub,38
78,91,add,169
58,65,add,123
10,6,sub,4
32,74,sub,-42
41,63,sub,-22
28,100,sub,-72
48,30,add,78
23,71,add,94
59,11,sub,48
66,25,sub,41
40,12,add,52
58,64,add,122
38,59,sub,-21
33,72,add,105
20,75,add,95
87,4,add,91
48,39,sub,9
20,100,add,120
18,78,sub,-60
54,99,add,153
57,24,sub,33
82,92,sub,-10
52,52,add,104
22,95,sub,-73
17,16,add,33
39,69,sub,-30
54,23,add,77
79,52,sub,27
57,55,add,112
62,25,sub,37
89,71,add,160
15,64,add,79
95,93,add,188
36,79,sub,-43
76,97,sub,-21
36,59,sub,-23
5,42,sub,-37
79,75,sub,4
42,39,add,81
4,95,add,99
39,54,add,93
92,80,sub,12
56,28,sub,28
84,72,add,156
27,43,add,70
5,76,sub,-71
59,68,add,127
57,89,sub,-32
92,84,sub,8
47,68,sub,-21
14,54,add,68
55,58,sub,-3
9,51,sub,-42
86,64,sub,22
91,37,sub,54
63,56,sub,7
24,63,add,87
39,87,sub,-48
19,24,sub,-5
29,34,add,63
66,8,sub,58
47,70,add,117
51,43,add,94
51,99,add,150
64,54,sub,10
26,55,add,81
49,15,add,64
37,30,add,67
30,14,add,44
43,82,add,125
58,43,sub,15
14,79,sub,-65
36,1,add,37
34,43,sub,-9
91,68,sub,23
26,99,sub,-73
22,68,add,90
51,24,sub,27
95,37,add,132
79,15,add,94
35,11,sub,24
82,37,sub,45
0,47,sub,-47
43,11,sub,32
35,84,sub,-49
76,44,sub,32
19,36,add,55
12,53,add,65
29,46,add,75
75,39,add,114
10,22,sub,-12
47,53,add,100
24,47,sub,-23
7,57,sub,-50
94,32,add,126
34,81,add,115
93,28,add,121
57,1,add,58
4,44,sub,-40
72,64,sub,8
70,88,add,158
34,50,sub,-16
45,39,add,84
80,5,add,85
97,33,sub,64
51,34,sub,17
92,52,add,144
64,56,sub,8
67,57,add,124
36,43,sub,-7
59,50,add,109
41,13,sub,28
74,6,add,80
14,95,add,109
32,83,sub,-51
68,69,add,137
25,32,add,57
65,59,add,124
81,8,add,89
47,30,add,77
30,16,sub,14
68,73,add,141
36,39,add,75
77,7,sub,70
5,27,add,32
60,65,add,125
11,9,sub,2
61,26,add,87
16,88,add,104
63,14,sub,49
1,61,sub,-60
51,48,sub,3
92,22,add,114
27,18,add,45
86,52,sub,34
83,0,add,83
55,8,add,63
14,4,sub,10
31,24,add,55
27,9,sub,18
72,46,add,118
7,55,add,62
22,6,sub,16
37,12,sub,25
95,5,sub,90
27,61,sub,-34
36,88,sub,-52
16,78,add,94
58,97,add,155
32,78,add,110
1,75,add,76
12,15,sub,-3
16,13,sub,3
52,67,add,119
28,45,add,73
41,28,add,69
30,37,sub,-7
4,2,add,6
46,56,sub,-10
53,97,add,150
62,100,add,162
51,0,sub,51
41,53,sub,-12
29,9,sub,20
1,73,add,74
73,33,sub,40
70,78,sub,-8
3,47,sub,-44
31,19,sub,12
79,60,sub,19
83,79,sub,4
52,89,add,141
41,80,sub,-39
79,66,add,145
91,82,sub,9
99,48,sub,51
24,60,add,84
25,74,add,99
75,22,sub,53
4,70,add,74
6,8,sub,-2
44,79,sub,-35
90,79,add,169
99,21,sub,78
7,26,add,33
36,57,sub,-21
29,98,sub,-69
44,63,sub,-19
50,25,add,75
34,54,add,88
30,63,sub,-33
24,32,sub,-8
97,63,sub,34
70,84,add,154
93,71,add,164
99,41,add,140
7,59,sub,-52
38,93,add,131
81,71,add,152
84,75,sub,9
72,35,sub,37
17,12,sub,5
61,60,sub,1
72,81,sub,-9
62,97,sub,-35
28,59,add,87
37,15,add,52
26,77,sub,-51
36,35,sub,1
18,34,add,52
96,53,add,149
49,75,sub,-26
1,5,add,6
78,54,sub,24
62,68,add,130
62,14,add,76
23,73,add,96
59,84,add,143
65,23,sub,42
89,20,add,109
31,15,add,46
50,63,add,113
62,76,sub,-14
45,63,sub,-18
54,12,sub,42
36,49,sub,-13
98,96,sub,2
99,12,add,111
30,16,add,46
23,96,sub,-73
71,8,sub,63
56,9,sub,47
86,47,sub,39
90,96,add,186
80,25,sub,55
100,7,sub,93
3,78,sub,-75
18,72,add,90
51,62,add,113
38,27,add,65
71,74,add,145
90,38,add,128
54,81,add,135
52,18,add,70
83,15,sub,68
74,44,sub,30
73,25,add,98
16,68,add,84
23,13,sub,10
73,30,sub,43
69,5,sub,64
67,62,sub,5
95,6,add,101
59,7,sub,52
28,17,sub,11
9,43,add,52
93,57,sub,36
6,94,sub,-88
79,66,sub,13
25,89,add,114
59,71,sub,-12
63,59,sub,4
75,22,sub,53
67,6,add,73
94,93,sub,1
76,6,sub,70
8,4,add,12
56,18,add,74
82,74,add,156
73,33,sub,40
54,13,add,67
68,72,sub,-4
74,75,sub,-1
94,56,sub,38
41,70,add,111
32,51,add,83
62,29,sub,33
66,60,sub,6
41,5,sub,36
19,28,sub,-9
49,31,sub,18
62,13,add,75
5,23,add,28
75,40,sub,35
19,41,add,60
1,95,add,96
87,17,add,104
29,36,add,65
98,61,add,159
73,24,sub,49
42,64,sub,-22
31,53,sub,-22
83,34,sub,49
31,89,add,120
24,73,add,97
44,9,add,53
33,49,sub,-16
13,15,sub,-2
24,29,add,53
13,80,sub,-67
71,86,sub,-15
54,33,sub,21
89,80,add,169
67,0,add,67
98,6,add,104
77,83,sub,-6
28,42,add,70
79,76,add,155
41,89,add,130
25,66,sub,-41
28,48,sub,-20
50,17,add,67
47,14,sub,33
15,36,sub,-21
0,6,sub,-6
90,66,add,156
54,12,add,66
76,36,sub,40
4,97,sub,-93
70,57,add,127
55,77,sub,-22
66,20,add,86
41,90,add,131
37,51,add,88
45,18,add,63
63,52,add,115
46,69,add,115
14,55,sub,-41
45,16,sub,29
46,58,sub,-12
38,86,add,124
46,56,add,102
33,23,sub,10
15,80,sub,-65
73,16,add,89
49,75,sub,-26
37,35,add,72
14,45,sub,-31
13,54,add,67
57,42,add,99
29,93,sub,-64
94,1,add,95
59,46,sub,13
94,34,sub,60
54,77,add,131
52,54,add,106
93,66,sub,27
98,96,sub,2
49,23,sub,26
29,28,add,57
64,30,sub,34
35,2,sub,33
43,29,sub,14
53,0,add,53
50,71,sub,-21
59,51,sub,8
88,6,add,94
11,51,sub,-40
63,38,add,101
74,79,add,153
44,61,sub,-17
88,54,sub,34
28,40,add,68
0,74,sub,-74
71,31,add,102
6,26,sub,-20
98,72,sub,26
69,54,sub,15
53,46,sub,7
55,75,sub,-20
100,79,sub,21
52,78,add,130
71,89,sub,-18
34,12,add,46
98,11,sub,87
58,19,sub,39
24,90,sub,-66
99,74,add,173
55,25,add,80
35,49,sub,-14
69,26,sub,43
92,3,add,95
74,54,add,128
55,61,sub,-6
82,71,add,153
84,79,sub,5
63,64,add,127
64,81,add,145
26,88,sub,-62
58,1,add,59
31,15,sub,16
52,67,sub,-15
19,56,add,75
34,49,add,83
4,1,sub,3
51,50,add,101
60,29,add,89
52,71,sub,-19
16,39,add,55
27,89,add,116
75,30,sub,45
57,16,add,73
9,69,add,78
72,56,sub,16
9,72,sub,-63
1,59,add,60
36,90,add,126
5,50,sub,-45
74,1,sub,73
37,98,sub,-61
83,79,add,162
63,44,sub,19
50,85,add,135
89,44,add,133
45,61,add,106
98,21,add,119
10,15,sub,-5
11,49,add,60
12,64,sub,-52
93,99,sub,-6
80,28,add,108
84,54,sub,30
71,67,add,138
99,85,add,184
10,90,sub,-80
45,41,add,86
51,26,add,77
11,14,add,25
10,44,add,54
19,28,sub,-9
53,60,sub,-7
75,13,sub,62
80,74,add,154
89,98,add,187
96,32,add,128
98,22,add,120
3,82,sub,-79
100,96,add,196
47,35,sub,12
38,97,add,135
66,52,sub,14
29,39,sub,-10
40,36,add,76
10,83,add,93
64,4,sub,60
29,67,sub,-38
80,38,sub,42
25,16,sub,9
70,44,sub,26
88,79,add,167
58,23,sub,35
38,18,add,56
82,36,sub,46
12,83,sub,-71
19,79,add,98
2,76,add,78
85,44,sub,41
67,89,sub,-22
58,65,sub,-7
26,38,sub,-12
49,71,add,120
13,4,sub,9
67,17,sub,50
10,62,sub,-52
6,37,add,43
17,16,sub,1
21,52,add,73
18,75,sub,-57
75,6,sub,69
17,77,sub,-60
42,35,sub,7
25,50,sub,-25
0,21,sub,-21
30,95,sub,-65
12,41,sub,-29
68,33,add,101
27,45,sub,-18
52,1,add,53
61,96,sub,-35
24,91,sub,-67
85,79,add,164
41,98,add,139
68,73,sub,-5
16,38,sub,-22
9,15,sub,-6
62,76,add,138
20,20,sub,0
30,29,sub,1
17,52,sub,-35
67,80,add,147
84,73,add,157
96,56,add,152
76,29,sub,47
97,98,sub,-1
7,69,add,76
94,67,add,161
40,99,sub,-59
6,7,sub,-1
41,82,sub,-41
95,40,sub,55
56,27,add,83
50,98,sub,-48
44,81,sub,-37
57,72,sub,-15
89,69,sub,20
4,83,add,87
39,32,sub,7
6,68,add,74
79,63,add,142
35,63,sub,-28
19,69,sub,-50
58,96,add,154
26,17,sub,9
58,10,sub,48
60,22,sub,38
78,59,sub,19
1,24,sub,-23
64,67,sub,-3
9,98,sub,-89
52,92,sub,-40
74,64,sub,10
98,25,add,123
19,78,add,97
93,52,sub,41
40,99,sub,-59
7,78,add,85
43,85,sub,-42
29,59,sub,-30
85,75,sub,10
62,23,add,85
71,45,add,116
48,37,add,85
85,84,add,169
51,19,add,70
12,49,sub,-37
32,90,add,122
30,77,add,107
64,93,sub,-29
33,72,add,105
5,30,add,35
10,12,add,22
5,58,sub,-53
33,32,sub,1
10,70,add,80
42,47,add,89
9,99,add,108
47,43,add,90
22,80,sub,-58
4,18,sub,-14
18,76,add,94
72,86,add,158
45,31,sub,14
93,81,add,174
92,39,add,131
5,29,sub,-24
58,51,add,109
33,75,sub,-42
79,23,sub,56
87,39,add,126
33,65,sub,-32
80,34,add,114
15,31,add,46
68,34,sub,34
70,50,add,120
48,17,sub,31
19,81,sub,-62
70,83,sub,-13
99,50,add,149
52,56,sub,-4
37,23,add,60
65,17,add,82
58,5,add,63
84,30,sub,54
22,78,add,100
82,21,sub,61
65,69,sub,-4
53,89,add,142
75,8,add,83
51,63,sub,-12
48,42,sub,6
75,96,add,171
0,13,sub,-13
34,60,sub,-26
34,13,sub,21
82,20,sub,62
13,100,add,113
45,73,sub,-28
88,40,add,128
97,11,add,108
32,85,add,117
14,68,sub,-54
40,100,add,140
56,47,add,103
48,56,add,104
2,66,add,68
59,28,add,87
72,23,sub,49
93,88,add,181
2,0,add,2
13,0,sub,13
32,77,add,109
2,80,add,82
40,29,add,69
41,87,sub,-46
95,56,add,151
76,34,add,110
66,27,sub,39
92,61,add,153
34,99,add,133
33,30,add,63
13,10,sub,3
3,40,add,43
37,17,sub,20
77,58,sub,19
48,62,add,110
94,65,add,159
13,98,sub,-85
22,24,add,46
55,61,add,116
100,31,add,131
47,54,sub,-7
78,20,sub,58
24,68,sub,-44
4,81,add,85
99,97,add,196
37,3,add,40
65,44,add,109
47,99,add,146
96,84,sub,12
58,29,sub,29
68,94,add,162
79,4,sub,75
50,12,add,62
94,95,sub,-1
60,24,add,84
91,37,add,128
46,26,sub,20
31,88,add,119
72,9,add,81
11,23,add,34
79,44,add,123
1,35,sub,-34
53,34,sub,19
83,95,add,178
40,87,add,127
50,84,add,134
49,47,add,96
84,6,sub,78
43,79,add,122
15,18,add,33
81,93,sub,-12
3,26,sub,-23
86,100,sub,-14
1,64,add,65
8,6,add,14
15,62,add,77
59,100,sub,-41
1,5,add,6
97,10,add,107
59,15,add,74
82,38,add,120
65,55,sub,10
16,80,add,96
53,71,add,124
48,21,sub,27
6,25,add,31
30,81,sub,-51
87,69,add,156
69,2,sub,67
25,99,add,124
66,43,add,109
3,20,sub,-17
94,0,add,94
5,88,add,93
38,88,sub,-50
17,7,add,24
83,95,add,178
84,21,add,105
18,78,add,96
71,78,sub,-7
29,59,add,88
77,28,add,105
92,41,sub,51
91,33,add,124
90,26,sub,64
90,25,add,115
100,76,add,176
75,81,add,156
59,69,sub,-10
7,52,sub,-45
56,100,sub,-44
85,2,sub,83
10,65,sub,-55
39,90,sub,-51
35,46,sub,-11
1,93,sub,-92
77,86,add,163
68,86,add,154
70,76,add,146
72,37,sub,35
27,95,add,122
31,48,sub,-17
75,41,add,116
47,22,add,69
43,34,sub,9
63,40,sub,23
18,36,sub,-18
26,7,add,33
3,91,add,94
42,97,add,139
86,31,add,117
0,85,sub,-85
40,29,sub,11
24,3,add,27
61,78,add,139
29,14,sub,15
36,27,sub,9
33,37,sub,-4
61,39,add,100
59,70,sub,-11
38,47,add,85
9,46,sub,-37
61,82,add,143
45,52,add,97
20,29,add,49
47,12,sub,35
63,91,add,154
2,64,add,66
23,54,add,77
87,78,sub,9
88,95,add,183
98,67,sub,31
38,81,sub,-43
67,3,add,70
63,46,add,109
30,82,add,112
18,92,add,110
77,30,add,107
55,7,sub,48
68,87,add,155
87,90,add,177
48,2,add,50
50,8,add,58
20,53,sub,-33
80,66,sub,14
28,10,sub,18
89,34,add,123
35,98,sub,-63
46,97,sub,-51
45,77,sub,-32
97,92,sub,5
38,44,sub,-6
71,29,add,100
26,34,add,60
3,32,add,35
7,9,sub,-2
35,15,sub,20
60,57,add,117
15,98,sub,-83
91,27,sub,64
79,66,add,145
0,85,sub,-85
26,78,sub,-52
2,54,add,56
46,39,sub,7
54,14,add,68
54,50,add,104
12,11,add,23
100,10,sub,90
19,69,add,88
78,91,add,169
13,18,add,31
28,43,sub,-15
96,37,sub,59
76,85,add,161
2,99,add,101
44,5,sub,39
11,29,sub,-18
27,63,add,90
75,38,sub,37
45,0,add,45
9,56,sub,-47
96,21,sub,75
63,19,sub,44
26,22,add,48
30,10,sub,20
63,64,add,127
35,43,add,78
67,71,add,138
52,12,sub,40
41,20,sub,21
47,75,sub,-28
100,26,add,126
12,78,add,90
6,21,add,27
80,69,add,149
21,69,add,90
47,66,add,113
23,95,add,118
1,30,add,31
49,75,add,124
85,25,sub,60
97,49,sub,48
56,49,sub,7
77,15,add,92
45,88,sub,-43
17,24,add,41
98,81,sub,17
49,11,sub,38
91,35,sub,56
17,76,add,93
41,73,sub,-32
93,15,sub,78
47,47,add,94
45,46,sub,-1
21,70,sub,-49
11,26,add,37
85,29,sub,56
30,79,sub,-49
1,30,sub,-29
66,63,sub,3
1,24,add,25
67,52,sub,15
15,71,add,86
87,21,add,108
23,49,add,72
87,75,add,162
19,98,sub,-79
15,94,add,109
1,10,sub,-9
36,64,add,100
77,46,sub,31
92,57,add,149
64,66,sub,-2
59,77,sub,-18
29,70,add,99
43,64,sub,-21
58,77,sub,-19
45,20,sub,25
92,5,add,97
23,7,add,30
68,42,add,110
85,49,sub,36
2,7,sub,-5
50,39,sub,11
90,23,sub,67
53,61,sub,-8
59,89,sub,-30
94,49,sub,45
91,70,sub,21
30,47,sub,-17
19,54,sub,-35
43,82,add,125
68,67,sub,1
15,50,add,65
63,23,sub,40
62,48,add,110
41,13,add,54
98,28,sub,70
18,4,sub,14
84,2,sub,82
39,34,sub,5
17,73,add,90
66,99,add,165
12,44,sub,-32
100,49,add,149
66,18,sub,48
18,90,sub,-72
62,3,add,65
8,60,add,68
81,3,add,84
40,60,add,100
57,52,sub,5
85,92,add,177
63,84,add,147
23,72,sub,-49
23,79,sub,-56
21,68,add,89
34,95,sub,-61
12,4,sub,8
11,21,add,32
86,41,add,127
46,33,add,79
20,94,sub,-74
2,94,sub,-92
12,2,sub,10
90,60,sub,30
14,91,sub,-77
67,88,sub,-21
92,72,add,164
96,13,sub,83
54,67,add,121
16,47,add,63
57,41,add,98
76,83,sub,-7
67,30,sub,37
53,2,sub,51
4,54,add,58
16,58,add,74
99,61,sub,38
44,76,add,120
5,64,add,69
54,72,add,126
80,71,add,151
35,80,add,115
73,21,add,94
72,3,add,75
2,76,sub,-74
83,8,sub,75
48,65,sub,-17
38,67,sub,-29
28,27,add,55
35,3,sub,32
31,71,sub,-40
11,4,sub,7
1,7,add,8
38,82,sub,-44
83,100,sub,-17
67,94,sub,-27
47,85,sub,-38
89,22,sub,67
30,11,add,41
2,75,add,77
3,58,sub,-55
63,100,add,163
78,59,add,137
8,94,add,102
83,39,add,122
98,97,sub,1
45,14,add,59
73,16,add,89
40,64,sub,-24
61,79,add,140
60,56,sub,4
86,95,sub,-9
0,42,sub,-42
13,90,sub,-77
3,23,add,26
85,18,add,103
48,3,add,51
59,15,sub,44
91,3,add,94
63,30,sub,33
61,93,add,154
32,25,add,57
75,29,add,104
100,6,sub,94
70,49,sub,21
0,71,sub,-71
45,79,add,124
89,6,add,95
43,55,add,98
60,17,sub,43
94,80,add,174
2,67,add,69
40,1,add,41
85,99,sub,-14
4,26,sub,-22
28,2,sub,26
50,14,sub,36
1,96,add,97
33,93,sub,-60
42,20,add,62
47,27,add,74
81,30,add,111
69,79,sub,-10
70,89,sub,-19
89,83,add,172
8,30,add,38
93,16,sub,77
53,4,add,57
0,84,sub,-84
48,63,sub,-15
99,60,sub,39
37,41,sub,-4
41,24,sub,17
58,5,sub,53
62,60,sub,2
92,23,add,115
79,47,add,126
22,65,sub,-43
24,31,sub,-7
65,6,sub,59
60,84,add,144
27,34,add,61
3,45,add,48
31,14,sub,17
15,32,add,47
20,9,add,29
88,96,add,184
26,47,add,73
51,17,sub,34
8,40,add,48
41,30,sub,11
40,48,sub,-8
71,38,sub,33
73,43,sub,30
83,34,add,117
39,78,sub,-39
4,88,add,92
57,30,add,87
9,25,sub,-16
11,21,sub,-10
87,65,add,152
21,23,sub,-2
14,95,sub,-81
38,71,add,109
1,26,add,27
59,18,add,77
2,66,add,68
41,56,add,97
77,12,add,89
67,56,add,123
93,35,sub,58
50,75,add,125
66,47,add,113
52,39,add,91
47,28,sub,19
26,72,sub,-46
83,16,sub,67
42,63,add,105
9,77,add,86
24,33,sub,-9
59,61,sub,-2
52,23,sub,29
21,97,add,118
37,8,sub,29
19,32,add,51
0,80,add,80
23,74,sub,-51
5,67,add,72
15,55,sub,-40
96,86,add,182
47,45,add,92
31,50,add,81
63,53,sub,10
87,13,add,100
13,26,add,39
3,2,add,5
29,59,sub,-30
49,8,add,57
68,56,add,124
59,24,sub,35
22,77,add,99
45,43,add,88
64,19,sub,45
74,16,sub,58
34,81,add,115
44,18,sub,26
80,2,add,82
58,83,add,141
4,5,sub,-1
71,38,add,109
85,99,sub,-14
80,38,sub,42
61,1,add,62
82,68,sub,14
62,89,sub,-27
26,33,sub,-7
47,24,add,71
67,16,sub,51
89,43,add,132
71,63,add,134
17,93,sub,-76
25,14,sub,11
32,84,sub,-52
44,99,add,143
73,70,sub,3
44,83,sub,-39
0,5,add,5
46,67,add,113
9,67,add,76
54,35,sub,19
36,74,add,110
63,9,sub,54
36,77,sub,-41
39,57,add,96
56,23,add,79
6,15,sub,-9
94,69,sub,25
1,75,sub,-74
18,34,sub,-16
9,4,add,13
21,8,add,29
22,62,add,84
4,38,sub,-34
19,8,add,27
80,20,sub,60
91,76,sub,15
25,46,add,71
72,0,add,72
24,47,sub,-23
52,62,sub,-10
84,1,add,85
15,39,add,54
74,7,sub,67
68,5,add,73
86,72,sub,14
77,24,add,101
83,58,add,141
51,27,sub,24
48,100,sub,-52
47,82,sub,-35
60,100,add,160
55,59,add,114
24,43,add,67
100,82,sub,18
64,16,sub,48
65,72,add,137
50,35,sub,15
79,33,sub,46
47,15,add,62
56,47,add,103
6,82,sub,-76
1,66,sub,-65
41,76,sub,-35
55,35,sub,20
30,63,add,93
67,31,sub,36
84,76,add,160
34,42,sub,-8
78,1,sub,77
30,95,sub,-65
54,29,add,83
84,77,add,161
69,21,add,90
41,47,sub,-6
81,34,sub,47
88,66,sub,22
90,7,add,97
80,17,sub,63
53,90,add,143
3,94,sub,-91
40,38,add,78
70,14,sub,56
54,62,sub,-8
28,94,add,122
36,47,sub,-11
92,83,sub,9
94,24,add,118
56,9,sub,47
59,22,add,81
41,8,sub,33
50,46,sub,4
37,1,sub,36
76,87,sub,-11
84,76,add,160
34,93,add,127
98,37,sub,61
28,68,sub,-40
58,18,sub,40
95,94,sub,1
76,74,add,150
63,59,sub,4
60,92,add,152
95,63,sub,32
41,35,add,76
66,18,add,84
82,53,add,135
45,73,add,118
80,80,add,160
70,25,sub,45
82,36,sub,46
58,5,add,63
89,18,add,107
13,16,sub,-3
48,14,add,62
54,59,sub,-5
99,55,add,154
10,64,sub,-54
78,57,add,135
72,77,add,149
32,84,add,116
55,35,sub,20
23,91,sub,-68
48,77,sub,-29
95,14,add,109
97,28,sub,69
40,97,add,137
85,83,add,168
99,39,sub,60
76,13,add,89
98,55,add,153
27,67,add,94
31,8,add,39
38,72,add,110
4,59,add,63
87,76,add,163
61,66,sub,-5
70,58,sub,12
22,77,sub,-55
91,82,add,173
95,77,add,172
55,85,sub,-30
6,75,sub,-69
26,82,sub,-56
28,67,sub,-39
65,49,add,114
50,68,sub,-18
98,99,add,197
9,3,sub,6
63,78,sub,-15
63,38,add,101
40,83,add,123
46,49,add,95
13,89,add,102
8,19,add,27
94,69,sub,25
43,58,add,101
51,57,sub,-6
61,45,sub,16
49,54,sub,-5
21,91,add,112
44,83,sub,-39
51,15,sub,36
43,67,sub,-24
46,70,sub,-24
63,61,sub,2
61,74,sub,-13
34,73,add,107
69,22,add,91
56,35,add,91
96,57,sub,39
89,46,sub,43
63,27,add,90
34,97,sub,-63
72,9,sub,63
23,97,add,120
80,90,sub,-10
83,70,add,153
79,54,sub,25
49,92,add,141
12,96,add,108
85,73,add,158
0,7,sub,-7
54,25,sub,29
86,21,add,107
37,55,sub,-18
55,32,sub,23
83,56,sub,27
53,91,sub,-38
6,84,sub,-78
19,50,add,69
76,29,add,105
8,81,sub,-73
83,29,add,112
81,54,add,135
11,62,add,73
54,51,add,105
55,64,sub,-9
35,88,sub,-53
16,74,add,90
25,54,add,79
47,39,add,86
33,27,sub,6
14,94,sub,-80
59,78,sub,-19
58,98,sub,-40
50,35,add,85
3,33,sub,-30
41,100,add,141
64,59,add,123
29,29,add,58
45,80,add,125
60,9,sub,51
95,22,add,117
55,13,add,68
63,83,sub,-20
7,90,add,97
4,48,sub,-44
71,32,add,103
78,95,add,173
17,23,add,40
46,77,add,123
27,21,sub,6
19,92,add,111
83,92,add,175
49,98,add,147
18,32,add,50
19,16,sub,3
94,95,add,189
89,71,add,160
22,67,add,89
79,90,add,169
91,85,sub,6
23,35,add,58
49,93,add,142
92,100,sub,-8
74,76,sub,-2
98,97,add,195
56,7,sub,49
92,37,add,129
77,2,add,79
91,22,add,113
96,55,add,151
51,64,sub,-13
98,55,add,153
10,52,sub,-42
31,69,add,100
49,52,add,101
21,79,add,100
30,70,add,100
73,10,sub,63
47,39,sub,8
54,66,add,120
100,69,sub,31
89,31,sub,58
67,68,add,135
80,18,sub,62
70,70,sub,0
27,89,add,116
9,18,add,27
41,13,sub,28
45,40,add,85
90,56,sub,34
35,46,sub,-11
86,57,add,143
27,88,add,115
97,44,add,141
20,9,add,29
14,85,add,99
65,34,add,99
18,60,sub,-42
63,37,add,100
33,39,add,72
2,6,sub,-4
51,96,add,147
63,18,add,81
77,48,add,125
70,95,sub,-25
23,58,add,81
89,68,add,157
94,5,sub,89
4,17,sub,-13
28,93,sub,-65
76,39,sub,37
99,14,sub,85
78,11,sub,67
78,26,sub,52
12,91,add,103
4,70,add,74
7,42,add,49
6,15,add,21
97,99,sub,-2
64,3,sub,61
54,7,add,61
39,64,sub,-25
46,94,add,140
14,34,add,48
38,27,add,65
8,41,add,49
84,35,add,119
22,3,add,25
54,38,add,92
3,80,add,83
95,90,add,185
59,69,sub,-10
63,19,add,82
7,11,add,18
86,6,sub,80
14,78,add,92
30,51,sub,-21
16,66,sub,-50
6,57,sub,-51
8,36,sub,-28
87,25,sub,62
28,52,sub,-24
27,62,sub,-35
20,72,sub,-52
76,56,add,132
96,11,add,107
63,34,sub,29
45,32,sub,13
51,33,sub,18
21,17,sub,4
10,81,sub,-71
68,63,sub,5
63,30,add,93
4,49,sub,-45
77,52,add,129
73,9,sub,64
38,36,add,74
24,59,sub,-35
97,53,sub,44
68,93,add,161
11,23,add,34
98,61,add,159
3,34,add,37
55,3,add,58
40,12,add,52
69,87,add,156
85,78,add,163
90,54,sub,36
29,55,add,84
96,76,add,172
48,47,sub,1
4,51,sub,-47
77,65,add,142
84,87,add,171
31,33,sub,-2
26,22,sub,4
19,88,sub,-69
42,74,sub,-32
62,35,sub,27
2,2,add,4
78,13,add,91
70,1,add,71
34,0,add,34
92,76,sub,16
51,28,sub,23
88,68,add,156
28,39,add,67
30,68,add,98
97,94,add,191
47,18,sub,29
5,9,add,14
36,60,sub,-24
6,2,sub,4
0,66,add,66
14,3,add,17
56,60,add,116
18,64,sub,-46
63,5,sub,58
58,95,add,153
51,47,add,98
78,61,add,139
39,20,add,59
79,60,sub,19
81,12,sub,69
75,70,add,145
94,81,add,175
19,45,add,64
49,68,add,117
67,32,add,99
67,77,add,144
35,60,sub,-25
70,14,add,84
1,37,sub,-36
9,27,sub,-18
39,93,add,132
48,91,add,139
89,87,add,176
60,59,add,119
21,35,add,56
38,81,add,119
52,49,sub,3
89,50,add,139
0,90,sub,-90
98,30,add,128
18,1,sub,17
65,40,add,105
47,43,add,90
77,15,sub,62
4,66,add,70
87,33,add,120
93,35,sub,58
23,9,add,32
63,36,add,99
37,80,add,117
27,60,sub,-33
69,100,add,169
58,42,add,100
2,19,sub,-17
70,99,sub,-29
27,39,add,66
49,32,sub,17
22,0,sub,22
40,66,sub,-26
88,23,add,111
58,78,sub,-20
42,62,add,104
23,36,add,59
14,82,sub,-68
4,88,sub,-84
94,68,add,162
25,1,add,26
98,92,add,190
40,84,add,124
61,96,sub,-35
57,57,sub,0
10,99,sub,-89
27,11,sub,16
42,6,add,48
6,54,sub,-48
100,82,add,182
40,94,add,134
95,68,add,163
68,13,add,81
7,54,add,61
57,29,sub,28
81,85,add,166
60,20,add,80
14,1,sub,13
62,0,add,62
90,51,sub,39
3,27,sub,-24
33,97,add,130
19,61,sub,-42
96,0,sub,96
26,72,sub,-46
7,53,sub,-46
34,94,sub,-60
63,92,sub,-29
73,98,sub,-25
26,64,sub,-38
93,44,add,137
81,58,sub,23
0,59,add,59
4,97,sub,-93
19,37,add,56
57,89,sub,-32
89,36,sub,53
69,0,sub,69
34,0,sub,34
26,25,sub,1
47,46,add,93
23,28,add,51
22,10,sub,12
90,92,sub,-2
95,26,add,121
72,25,add,97
70,99,sub,-29
2,44,add,46
18,59,add,77
49,2,sub,47
47,36,add,83
35,34,sub,1
59,25,sub,34
47,14,sub,33
58,18,sub,40
26,10,sub,16
70,74,add,144
61,99,add,160
70,62,add,132
64,10,sub,54
54,15,add,69
89,100,sub,-11
91,14,add,105
41,47,add,88
34,21,add,55
58,56,add,114
62,0,sub,62
97,90,sub,7
5,56,sub,-51
93,73,add,166
29,24,sub,5
88,48,add,136
73,43,add,116
75,88,sub,-13
64,84,sub,-20
18,51,add,69
64,70,add,134
88,41,sub,47
61,63,sub,-2
19,19,add,38
79,46,sub,33
29,44,add,73
16,38,add,54
13,6,sub,7
9,63,add,72
22,76,sub,-54
21,10,sub,11
55,5,sub,50
55,30,add,85
100,36,add,136
45,22,add,67
64,31,add,95
23,90,sub,-67
34,24,add,58
98,80,add,178
41,37,add,78
57,34,add,91
55,45,add,100
90,29,add,119
59,99,sub,-40
17,53,sub,-36
72,67,add,139
13,83,add,96
63,61,add,124
13,54,sub,-41
84,97,add,181
99,82,sub,17
80,19,add,99
58,57,sub,1
89,16,sub,73
82,92,sub,-10
94,67,sub,27
33,98,sub,-65
44,7,sub,37
27,89,sub,-62
68,44,sub,24
35,87,add,122
29,81,add,110
84,82,sub,2
52,65,sub,-13
70,96,sub,-26
7,80,add,87
57,4,sub,53
30,21,add,51
20,56,sub,-36
93,70,sub,23
9,72,sub,-63
87,14,add,101
16,87,sub,-71
54,89,sub,-35
0,12,add,12
30,20,add,50
98,94,sub,4
98,6,sub,92
78,28,add,106
52,16,sub,36
5,16,add,21
79,80,sub,-1
7,4,sub,3
97,45,sub,52
74,56,add,130
57,60,sub,-3
34,59,sub,-25
41,22,add,63
3,90,add,93
77,90,add,167
92,38,add,130
9,79,sub,-70
32,42,sub,-10
79,10,sub,69
36,11,add,47
63,53,add,116
43,46,add,89
13,62,add,75
83,13,add,96
82,36,sub,46
3,33,sub,-30
27,5,sub,22
19,83,sub,-64
84,5,sub,79
35,49,add,84
43,97,add,140
10,1,add,11
72,78,sub,-6
89,67,add,156
46,7,add,53
44,34,sub,10
65,49,sub,16
44,26,sub,18
68,26,sub,42
33,6,sub,27
27,83,sub,-56
83,1,add,84
0,69,add,69
68,13,add,81
13,76,sub,-63
50,14,add,64
93,85,add,178
28,42,add,70
67,83,add,150
71,5,add,76
29,83,add,112
96,65,sub,31
68,41,sub,27
27,98,sub,-71
9,21,sub,-12
61,17,add,78
53,80,sub,-27
35,31,add,66
2,81,sub,-79
40,13,add,53
59,6,sub,53
71,63,sub,8
23,97,sub,-74
16,43,add,59
87,37,add,124
10,11,sub,-1
39,51,sub,-12
22,13,sub,9
96,71,sub,25
72,59,add,131
67,92,add,159
91,51,add,142
43,15,sub,28
59,27,add,86
0,20,sub,-20
94,37,add,131
36,87,add,123
84,41,add,125
20,9,sub,11
10,84,add,94
30,73,add,103
11,80,sub,-69
1,80,sub,-79
30,8,sub,22
5,90,sub,-85
49,81,add,130
61,4,sub,57
40,88,add,128
56,52,add,108
96,73,add,169
72,9,add,81
78,9,sub,69
66,3,add,69
30,22,sub,8
33,95,sub,-62
83,95,sub,-12
39,41,sub,-2
6,78,sub,-72
30,78,sub,-48
54,54,sub,0
49,12,sub,37
76,37,sub,39
67,33,add,100
33,15,add,48
10,12,sub,-2
99,24,sub,75
43,95,sub,-52
92,74,sub,18
97,4,add,101
99,19,sub,80
78,31,add,109
35,89,add,124
96,35,add,131
99,32,sub,67
14,45,add,59
75,28,add,103
67,1,add,68
100,41,sub,59
13,36,add,49
1,32,sub,-31
26,24,sub,2
7,32,add,39
99,12,add,111
16,12,add,28
55,30,sub,25
93,72,sub,21
90,98,add,188
14,3,sub,11
45,22,sub,23
91,35,sub,56
9,40,add,49
55,92,add,147
37,49,sub,-12
91,74,add,165
76,37,sub,39
65,91,add,156
59,100,sub,-41
23,14,add,37
7,27,add,34
6,74,add,80
46,84,add,130
17,57,add,74
9,88,sub,-79
90,89,add,179
29,99,add,128
63,75,add,138
77,53,sub,24
48,79,sub,-31
29,92,add,121
36,52,sub,-16
54,24,sub,30
13,36,add,49
7,44,add,51
8,82,sub,-74
28,69,sub,-41
58,38,sub,20
40,70,add,110
83,90,sub,-7
23,70,add,93
28,15,add,43
65,86,add,151
54,94,add,148
77,1,sub,76
27,74,sub,-47
78,75,add,153
52,11,sub,41
86,77,add,163
35,24,add,59
57,9,add,66
88,1,sub,87
68,85,sub,-17
82,38,add,120
33,62,add,95
48,59,sub,-11
87,59,add,146
6,90,sub,-84
67,69,sub,-2
66,63,sub,3
57,11,add,68
24,0,add,24
18,32,add,50
53,32,add,85
4,23,sub,-19
96,1,sub,95
97,28,add,125
52,80,add,132
59,20,add,79
72,18,sub,54
55,28,sub,27
47,8,sub,39
78,32,sub,46
54,62,add,116
24,0,add,24
17,92,add,109
60,62,add,122
62,17,add,79
59,95,sub,-36
76,37,add,113
54,88,add,142
96,46,sub,50
32,45,sub,-13
72,48,add,120
81,57,add,138
92,16,sub,76
84,13,sub,71
92,70,add,162
46,63,add,109
58,45,add,103
30,70,add,100
28,16,sub,12
84,50,add,134
49,78,sub,-29
57,25,sub,32
